Divi,Type,Type,Type,Type,Type,Type,Type,Type,Type,Type,URL
24-uurs zuurgraadmeting slokdarm,Maag-darm-leverziekten,,,,,,,,,,https://indiveo.nl/divis/24-uurs-zuurgraadmeting-slokdarm/
2e intakegesprek voor IVF- of ICSI behandeling,Gynaecologie en Verloskunde,,,,,,,,,,https://indiveo.nl/divis/2e-intakegesprek-voor-ivf-of-icsi-behandeling/
3 goede vragen aan uw arts en samen beslissen,Algemeen,,,,,,,,,,https://indiveo.nl/divis/3-goede-vragen-aan-uw-arts-en-samen-beslissen/
50% belast lopen met krukken,Fysiotherapie,,,,,,,,,,https://indiveo.nl/divis/50-belast-lopen-met-krukken/
AYA-zorg,Borstkanker,Oncologie,,,,,,,,,https://indiveo.nl/divis/aya-zorg/
Aambeien,Chirurgie,,,,,,,,,,https://indiveo.nl/divis/aambeien/
Aantippend belast lopen met krukken,Fysiotherapie,,,,,,,,,,https://indiveo.nl/divis/aantippend-belast-lopen-met-krukken/
Abcesdrain,Radiologie,,,,,,,,,,https://indiveo.nl/divis/abcesdrainage/
Ablatiebehandeling bij boezemfibrilleren,Cardiologie,,,,,,,,,,https://indiveo.nl/divis/ablatiebehandeling-bij-boezemfibrilleren/
Ademhalingsoefeningen,Fysiotherapie,,,,,,,,,,https://indiveo.nl/divis/ademhalings-en-ontspanningsoefeningen/
Ademhalingsondersteuning bij pasgeborenen,Neonatologie,,,,,,,,,,https://indiveo.nl/divis/ademhalingsondersteuning-bij-pasgeborenen/
Advance Care Planning,Longziekten,,,,,,,,,,https://indiveo.nl/divis/advance-care-planning/
Afnemen biopt van de keel,KNO,,,,,,,,,,https://indiveo.nl/divis/afnemen-biopt-van-de-keel/
Afnemen van een hersenbiopt,Neurologie,,,,,,,,,,https://indiveo.nl/divis/afnemen-van-een-hersenbiopt/
Airvo bij tracheacanule en tracheostoma,Intensive Care,Longziekten,,,,,,,,,https://indiveo.nl/divis/airvo-bij-tracheacanule-en-tracheostoma/
Algehele anesthesie,Anesthesiologie en pijnbestrijding,,,,,,,,,,https://indiveo.nl/divis/algehele-anesthesie/
Allergietest met plakproef,Dermatologie,,,,,,,,,,https://indiveo.nl/divis/allergietest-met-plakproef/
Allergietest met prikproef,Dermatologie,,,,,,,,,,https://indiveo.nl/divis/allergietest-met-prikproef/
Als mantelzorger voor jezelf zorgen,Algemeen,,,,,,,,,,https://indiveo.nl/divis/als-mantelzorger-voor-jezelf-zorgen/
Anamnese,Algemeen,,,,,,,,,,https://indiveo.nl/divis/anamnese/
Angiografie,Cardiologie,Radiologie,,,,,,,,,https://indiveo.nl/divis/angiografie/
Antibiotica-allergie: Ja of nee?,Interne Geneeskunde,,,,,,,,,,https://indiveo.nl/divis/antibiotica-allergie-ja-of-nee/
Antistollingsmedicijnen,Algemeen,,,,,,,,,,https://indiveo.nl/divis/antistollingsmedicijnen/
Appels plukken (liggend),Fysiotherapie,,,,,,,,,,https://indiveo.nl/divis/appels-plukken-liggend/
Appels plukken (zittend),Fysiotherapie,,,,,,,,,,https://indiveo.nl/divis/appels-plukken-zittend/
Arm- en schouderoefeningen,Fysiotherapie,,,,,,,,,,https://indiveo.nl/divis/arm-en-schouderoefeningen/
Armen zijwaarts heffen (staand),Fysiotherapie,,,,,,,,,,https://indiveo.nl/divis/armen-zijwaarts-heffen-staand/
Armen zijwaarts heffen (zittend),Fysiotherapie,,,,,,,,,,https://indiveo.nl/divis/armen-zijwaarts-heffen-zittend/
Arteriepunctie,Longziekten,,,,,,,,,,https://indiveo.nl/divis/arteriepunctie/
Artrose,Reumatologie,,,,,,,,,,https://indiveo.nl/divis/artrose/
Artrose in de hand of pols,Reumatologie,,,,,,,,,,https://indiveo.nl/divis/artrose-in-de-hand-of-pols/
Astma,Longziekten,,,,,,,,,,https://indiveo.nl/divis/astma/
Astma Actieplan,Partner Divi,-,,,,,,,,,
Atopisch eczeem,Dermatologie,,,,,,,,,,https://indiveo.nl/divis/atopisch-eczeem/
Audiometrie,KNO,,,,,,,,,,https://indiveo.nl/divis/audiometrie/
Autologe stamceltransplantatie,Interne Geneeskunde,Oncologie,,,,,,,,,https://indiveo.nl/divis/autologe-stamceltransplantatie/
Autonoom Functie Onderzoek (AFO),Neurologie,,,,,,,,,,https://indiveo.nl/divis/autonoom-functie-onderzoek-afo/
Avelumab,Partner Divi,-,,,,,,,,,
BENU Hulpmiddelenzorg,Partner Divi,-,,,,,,,,,
BIC Second opinion consult,Longziekten,,,,,,,,,,https://indiveo.nl/divis/bic-second-opinion-consult/
Baarmoederkanker,Gynaecologie en Verloskunde,Oncologie,,,,,,,,,https://indiveo.nl/divis/baarmoederkanker/
Back At Work After Surgery (BAAS),Algemeen,,,,,,,,,,https://indiveo.nl/divis/back-at-work-after-surgery-baas/
Barrett-slokdarm (Barrett oesophagus),Maag-darm-leverziekten,,,,,,,,,,https://indiveo.nl/divis/barrett-slokdarm-barrett-oesophagus/
Beademing in buikligging,Intensive Care,,,,,,,,,,https://indiveo.nl/divis/beademing-in-buikligging/
Beademing met een beademingsapparaat,Intensive Care,,,,,,,,,,https://indiveo.nl/divis/beademing-met-een-beademingsapparaat/
Been gestrekt naar buiten brengen,Fysiotherapie,,,,,,,,,,https://indiveo.nl/divis/been-gestrekt-naar-buiten-brengen/
Been naar achter strekken,Fysiotherapie,,,,,,,,,,https://indiveo.nl/divis/been-naar-achter-strekken/
Beenmergpunctie,Interne Geneeskunde,Oncologie,,,,,,,,,https://indiveo.nl/divis/beenmergpunctie/
Behandelbeperkingen,Algemeen,,,,,,,,,,https://indiveo.nl/divis/behandelbeperkingen/
Behandelbeperkingen - Wel of geen beademing?,Intensive Care,,,,,,,,,,
Behandelbeperkingen – Wel of geen beademing?,Intensive Care,Longziekten,,,,,,,,,https://indiveo.nl/divis/behandelbeperkingen-wel-of-geen-beademing/
Behandeling bij dementie,-,,,,,,,,,,
Behandeling met Calquence,Partner Divi,-,,,,,,,,,
Behandeling met Intravitreale Injecties (IVI),Oogheelkunde,,,,,,,,,,https://indiveo.nl/divis/behandeling-met-intravitreale-injecties-ivi/
Behandeling met biologicals,Dermatologie,Longziekten,Maag-darm-leverziekten,Reumatologie,,,,,,,https://indiveo.nl/divis/behandeling-met-biologicals/
Behandeling met een niersteenvergruizer,Urologie,,,,,,,,,,https://indiveo.nl/divis/behandeling-met-een-niersteenvergruizer/
Behandeling met ribociclib,Partner Divi,-,,,,,,,,,
Behandeling van heupdysplasie bij kinderen,-,,,,,,,,,,
Behandeling van nierschade,Interne Geneeskunde,,,,,,,,,,https://indiveo.nl/divis/behandeling-van-nierschade/
Behandeling van spataderen met VNUS,Dermatologie,,,,,,,,,,https://indiveo.nl/divis/behandeling-van-spataderen-met-vnus/
Behandelmogelijkheden bij diep veneuze trombose,Interne Geneeskunde,,,,,,,,,,https://indiveo.nl/divis/behandelmogelijkheden-bij-diep-veneuze-trombose/
Behandelmogelijkheden bij endeldarmkanker,Chirurgie,Oncologie,,,,,,,,,https://indiveo.nl/divis/behandelmogelijkheden-bij-endeldarmkanker/
Behandelmogelijkheden bij longkanker,Partner Divi,-,,,,,,,,,
Behandelprogramma van het CON,Chirurgie,,,,,,,,,,https://indiveo.nl/divis/behandelprogramma-van-het-con/
Behandeltraject Jodiumtherapie,Interne Geneeskunde,Radiologie,,,,,,,,,https://indiveo.nl/divis/behandeltraject-jodiumtherapie/
Behandelwegen bij borstkanker,Borstkanker,Oncologie,,,,,,,,,https://indiveo.nl/divis/behandelwegen-bij-borstkanker/
Belang van bewegen bij axiale spondyloartritis,Reumatologie,,,,,,,,,,https://indiveo.nl/divis/belang-van-bewegen-bij-axiale-spondyloartritis/
Belang van schoon werken bij wondverzorging,Infectieziektebestrijding,,,,,,,,,,https://indiveo.nl/divis/belang-van-schoon-werken-bij-wondverzorging/
Belast lopen met krukken,Fysiotherapie,,,,,,,,,,https://indiveo.nl/divis/belast-lopen-met-krukken/
Benen heffen,Fysiotherapie,,,,,,,,,,https://indiveo.nl/divis/benen-heffen-liggend/
Besnijdenis (Circumcisie),Chirurgie,Urologie,,,,,,,,,https://indiveo.nl/divis/besnijdenis-circumcisie/
Beter in beweging,Fysiotherapie,,,,,,,,,,https://indiveo.nl/divis/beter-in-beweging/
Bewegen tijdens de opname,Algemeen,,,,,,,,,,https://indiveo.nl/divis/bewegen-tijdens-de-opname/
Bezoek aan de spoedeisende hulp,Spoedeisende Hulp en Gipskamer,,,,,,,,,,https://indiveo.nl/divis/bezoek-aan-de-spoedeisende-hulp/
Bijwerkingen radiotherapie bij prostaatkanker,Oncologie,Urologie,,,,,,,,,https://indiveo.nl/divis/bijwerkingen-radiotherapie-bij-prostaatkanker/
Billen samenknijpen,Fysiotherapie,,,,,,,,,,https://indiveo.nl/divis/billen-samenknijpen-liggend/
Biopt bij vermoeden huidkanker,Dermatologie,Oncologie,Plastische Chirurgie,,,,,,,,https://indiveo.nl/divis/biopt-bij-vermoeden-huidkanker/
Bloedonderzoek,Algemeen,,,,,,,,,,https://indiveo.nl/divis/bloedprikken/
Bloedonderzoek voor kinderen,Kindergeneeskunde,,,,,,,,,,https://indiveo.nl/divis/bloedonderzoek-voor-kinderen/
Bloedtransfusie,Cardiologie,Interne Geneeskunde,Oncologie,,,,,,,,https://indiveo.nl/divis/bloedtransfusie/
Bodybox,Longziekten,,,,,,,,,,https://indiveo.nl/divis/bodybox/
Borstamputatie,Borstkanker,Plastische Chirurgie,,,,,,,,,https://indiveo.nl/divis/borstamputatie/
Borstbestraling met ingehouden adem,Oncologie,Radiologie,,,,,,,,,https://indiveo.nl/divis/borstbestraling-met-ingehouden-adem/
Borstkanker,Borstkanker,Oncologie,,,,,,,,,https://indiveo.nl/divis/borstkanker/
Borstreconstructie met een prothese na huidsparende amputatie van de borst(en),Borstkanker,Plastische Chirurgie,,,,,,,,,https://indiveo.nl/divis/borstreconstructie-met-een-prothese-na-huidsparende-amputatie-van-de-borsten/
Borstreconstructie met lichaamseigen weefsel (DIEP-lap),Borstkanker,Plastische Chirurgie,,,,,,,,,https://indiveo.nl/divis/borstreconstructie-met-lichaamseigen-weefsel-diep-lap/
Borstsparende operatie,Borstkanker,Oncologie,,,,,,,,,https://indiveo.nl/divis/borstsparende-operatie/
Botbreuk,Spoedeisende Hulp en Gipskamer,,,,,,,,,,https://indiveo.nl/divis/botbreuk/
Botontkalking,Interne Geneeskunde,Reumatologie,,,,,,,,,https://indiveo.nl/divis/botontkalking/
Botscan (skeletscintigrafie),Orthopedie,Radiologie,,,,,,,,,https://indiveo.nl/divis/botscan-skeletscintigrafie/
Botuline toxine,Neurologie,,,,,,,,,,https://indiveo.nl/divis/botuline-toxine/
Bronchiolitis,Kindergeneeskunde,,,,,,,,,,https://indiveo.nl/divis/bronchiolitis/
Bronchoscopie,Longziekten,,,,,,,,,,https://indiveo.nl/divis/bronchoscopie/
Bruggetje,Fysiotherapie,,,,,,,,,,https://indiveo.nl/divis/bruggetje/
Buikslagaderoperatie bij aneurysma,Chirurgie,,,,,,,,,,https://indiveo.nl/divis/buikslagaderoperatie-bij-aneurysma/
Buikvetbiopt,Interne Geneeskunde,,,,,,,,,,https://indiveo.nl/divis/buikvetbiopt/
Buikwandpijnsyndroom (ACNES),-,,,,,,,,,,
Buisjes plaatsen,KNO,,,,,,,,,,https://indiveo.nl/divis/buisjes-plaatsen/
COPD,Longziekten,,,,,,,,,,https://indiveo.nl/divis/copd/
CPAP,Longziekten,,,,,,,,,,https://indiveo.nl/divis/cpap/
CT Buik,Radiologie,,,,,,,,,,https://indiveo.nl/divis/ct-buik/
CT Hart,Radiologie,,,,,,,,,,https://indiveo.nl/divis/ct-hart/
CT Scan,Radiologie,,,,,,,,,,https://indiveo.nl/divis/ct-scan/
CT Scan (z.c.),Radiologie,,,,,,,,,,https://indiveo.nl/divis/ct-scan-z-c/
CT Thorax,Radiologie,,,,,,,,,,https://indiveo.nl/divis/ct-thorax/
CT Thorax (zonder contrastvloeistof),Radiologie,,,,,,,,,,https://indiveo.nl/divis/ct-thorax-zonder-contrastvloeistof/
CTD-ILD,Longziekten,,,,,,,,,,https://indiveo.nl/divis/ctd-ild/
Cardioversie,Cardiologie,,,,,,,,,,https://indiveo.nl/divis/cardioversie/
Centrum voor thuisbeademing (CTB),Longziekten,,,,,,,,,,https://indiveo.nl/divis/centrum-voor-thuisbeademing-ctb/
Cetuximab,Partner Divi,-,,,,,,,,,
Chemotherapie,Borstkanker,Longziekten,Oncologie,,,,,,,,https://indiveo.nl/divis/chemotherapie/
Chronische Lymfatische Leukemie,Oncologie,,,,,,,,,,https://indiveo.nl/divis/chronische-lymfatische-leukemie/
Chronische neusbijholteontsteking met neuspoliepen,KNO,,,,,,,,,,https://indiveo.nl/divis/chronische-neusbijholteontsteking-met-neuspoliepen/
Chronische pijn,Anesthesiologie en pijnbestrijding,,,,,,,,,,https://indiveo.nl/divis/chronische-pijn/
Cognitieve problemen bij niet-aangeboren hersenletsel,Neurologie,,,,,,,,,,https://indiveo.nl/divis/cognitieve-problemen-bij-niet-aangeboren-hersenletsel/
Coloscopie,Maag-darm-leverziekten,,,,,,,,,,https://indiveo.nl/divis/coloscopie/
Colposcopie: onderzoek van de baarmoederhals,Gynaecologie en Verloskunde,,,,,,,,,,https://indiveo.nl/divis/colposcopie-onderzoek-van-de-baarmoederhals/
Combinatie van chemotherapie en immunotherapie,Oncologie,,,,,,,,,,https://indiveo.nl/divis/combinatie-van-chemotherapie-en-immunotherapie/
Cystoscopie,Urologie,,,,,,,,,,https://indiveo.nl/divis/cystoscopie/
Cytologische punctie,Radiologie,,,,,,,,,,https://indiveo.nl/divis/cytologische-punctie/
DCIS (Ductaal Carcinoma In Situ),Borstkanker,Oncologie,,,,,,,,,https://indiveo.nl/divis/dcis-ductaal-carcinoma-in-situ/
DEXA-scan,Orthopedie,Radiologie,,,,,,,,,https://indiveo.nl/divis/dexa-scan/
De Inreda AP® van Inreda® Diabetic,Partner Divi,-,,,,,,,,,
De geheugenpoli,Geriatrie,,,,,,,,,,https://indiveo.nl/divis/de-geheugenpoli/
Dedication Study,Wetenschappelijk onderzoek,,,,,,,,,,https://indiveo.nl/divis/dedication-study/
Delier,Geriatrie,,,,,,,,,,
Delier (delirium),Geriatrie,,,,,,,,,,https://indiveo.nl/divis/delier/
Deroofing,Dermatologie,,,,,,,,,,https://indiveo.nl/divis/deroofing/
Diabetes type 1,Interne Geneeskunde,,,,,,,,,,https://indiveo.nl/divis/diabetes-type-1/
Diabetes type 1 (voor kinderen),Interne Geneeskunde,Kindergeneeskunde,,,,,,,,,https://indiveo.nl/divis/diabetes-type-1-voor-kinderen/
Diabetes type 2,Interne Geneeskunde,,,,,,,,,,https://indiveo.nl/divis/diabetes-type-2/
Diabetische retinopathie,Oogheelkunde,,,,,,,,,,https://indiveo.nl/divis/diabetische-retinopathie/
Diabetische voet,Chirurgie,Interne Geneeskunde,,,,,,,,,https://indiveo.nl/divis/diabetische-voet/
Dialyse,Interne Geneeskunde,,,,,,,,,,https://indiveo.nl/divis/dialyse/
Diepe sedatie,Anesthesiologie en pijnbestrijding,,,,,,,,,,https://indiveo.nl/divis/diepe-sedatie/
Diffusie,Longziekten,,,,,,,,,,https://indiveo.nl/divis/diffusie/
Dikkedarmoperatie (ERAS),Chirurgie,Maag-darm-leverziekten,,,,,,,,,https://indiveo.nl/divis/dikkedarmoperatie-eras/
Doelgerichte therapie,Borstkanker,Longziekten,Oncologie,,,,,,,,https://indiveo.nl/divis/doelgerichte-therapie/
Door uw knieën zakken,Fysiotherapie,,,,,,,,,,https://indiveo.nl/divis/door-uw-knieen-zakken/
Doorverwijzing naar de afdeling medische psychologie,Psychiatrie,,,,,,,,,,https://indiveo.nl/divis/doorverwijzing-naar-de-afdeling-medische-psychologie/
Dotter- en stentbehandeling (PCI),Cardiologie,,,,,,,,,,https://indiveo.nl/divis/dotter-en-stentbehandeling-pci/
Drempel-oefening,Fysiotherapie,,,,,,,,,,https://indiveo.nl/divis/drempel-oefening/
Dubbel J-katheter,Urologie,,,,,,,,,,https://indiveo.nl/divis/dubbel-j-katheter/
Dubbel-J-katheter na een nefrostomie,Radiologie,,,,,,,,,,https://indiveo.nl/divis/dubbel-j-katheter-na-een-nefrostomie/
Duplexonderzoek van de halsvaten,Neurologie,,,,,,,,,,https://indiveo.nl/divis/duplexonderzoek-van-de-halsvaten/
Dysfagie (slikstoornis),KNO,,,,,,,,,,https://indiveo.nl/divis/dysfagie-slikstoornis/
E.E.G. Langdurige registratie,Neurologie,,,,,,,,,,https://indiveo.nl/divis/e-e-g-langdurige-registratie/
E.E.G. Slaaponthouding,Neurologie,,,,,,,,,,https://indiveo.nl/divis/e-e-g-slaaponthouding/
E.M.G.,Neurologie,,,,,,,,,,https://indiveo.nl/divis/e-m-g/
EBUS,Longziekten,,,,,,,,,,https://indiveo.nl/divis/ebus/
ECG,Anesthesiologie en pijnbestrijding,Cardiologie,Chirurgie,Intensive Care,Interne Geneeskunde,Longziekten,Spoedeisende Hulp en Gipskamer,,,,https://indiveo.nl/divis/ecg/
ECL een afspraak maken,Dermatologie,,,,,,,,,,https://indiveo.nl/divis/ecl-een-afspraak-maken/
ECT,Psychiatrie,,,,,,,,,,https://indiveo.nl/divis/ect/
EEG voor kinderen,Kindergeneeskunde,,,,,,,,,,https://indiveo.nl/divis/eeg-voor-kinderen/
EMDR,Psychiatrie,,,,,,,,,,https://indiveo.nl/divis/emdr/
EMDR voor kinderen,Psychiatrie,,,,,,,,,,https://indiveo.nl/divis/emdr-voor-kinderen/
ERCP,Maag-darm-leverziekten,,,,,,,,,,https://indiveo.nl/divis/ercp/
EVAR-operatie bij aneurysma,Chirurgie,,,,,,,,,,https://indiveo.nl/divis/evar-operatie-bij-aneurysma/
Echo,Radiologie,,,,,,,,,,https://indiveo.nl/divis/echo/
Echocardiografie,Cardiologie,Radiologie,,,,,,,,,https://indiveo.nl/divis/echocardiografie/
Echografie Mammae,Borstkanker,Radiologie,,,,,,,,,https://indiveo.nl/divis/echografie-mammae/
Echografie van de prostaat,Radiologie,Urologie,,,,,,,,,https://indiveo.nl/divis/echografie-van-de-prostaat/
Een shunt bij hemodialyse,Interne Geneeskunde,Radiologie,,,,,,,,,https://indiveo.nl/divis/een-shunt-bij-hemodialyse/
Eerste afspraak bij het CON,Chirurgie,,,,,,,,,,https://indiveo.nl/divis/eerste-afspraak-bij-het-con/
Eigen medicijnen meenemen naar het ziekenhuis,Algemeen,,,,,,,,,,https://indiveo.nl/divis/eigen-medicijnen-meenemen-naar-het-ziekenhuis/
Eiwitrijke voeding,Algemeen,,,,,,,,,,https://indiveo.nl/divis/eiwitrijke-voeding/
Elektro-encefalogram (E.E.G.),Neurologie,,,,,,,,,,https://indiveo.nl/divis/elektro-encefalogram-e-e-g/
Elektrofysiologisch onderzoek (EFO) en ablatiebehandeling,Cardiologie,,,,,,,,,,https://indiveo.nl/divis/elektrofysiologisch-onderzoek-efo-en-ablatiebehandeling/
Ellebogen buigen (zittend),Fysiotherapie,,,,,,,,,,https://indiveo.nl/divis/ellebogen-buigen-zittend/
Endo-Sponge behandeling,Maag-darm-leverziekten,,,,,,,,,,https://indiveo.nl/divis/endo-sponge-behandeling/
Endometriose,Gynaecologie en Verloskunde,,,,,,,,,,https://indiveo.nl/divis/endometriose/
Enkeloefeningen (liggend),Fysiotherapie,,,,,,,,,,https://indiveo.nl/divis/enkeloefeningen-liggend/
Epidurale verdoving (ruggenprik),Anesthesiologie en pijnbestrijding,,,,,,,,,,https://indiveo.nl/divis/epidurale-verdoving-ruggenprik/
Ernstig astma,-,,,,,,,,,,
FAG-onderzoek,Oogheelkunde,,,,,,,,,,https://indiveo.nl/divis/fag-onderzoek/
FESS,KNO,,,,,,,,,,
FESS (Algehele Verdoving),KNO,,,,,,,,,,https://indiveo.nl/divis/fess-algehele-verdoving/
Fenomeen van Raynaud,Reumatologie,,,,,,,,,,https://indiveo.nl/divis/fenomeen-van-raynaud/
Fibromyalgie,Reumatologie,,,,,,,,,,https://indiveo.nl/divis/fibromyalgie/
Fibroscan,Maag-darm-leverziekten,,,,,,,,,,https://indiveo.nl/divis/fibroscan/
Fietstest,Longziekten,,,,,,,,,,https://indiveo.nl/divis/fietstest/
Fietstest cardio,Cardiologie,,,,,,,,,,https://indiveo.nl/divis/fietstest-cardio/
Flexibele scopie,KNO,,,,,,,,,,https://indiveo.nl/divis/flexibele-scopie/
Follikelpunctie,Gynaecologie en Verloskunde,,,,,,,,,,https://indiveo.nl/divis/follikelpunctie/
Fotodynamische therapie,Dermatologie,,,,,,,,,,https://indiveo.nl/divis/fotodynamische-therapie/
Fototherapie,Neonatologie,,,,,,,,,,https://indiveo.nl/divis/fototherapie/
Fundoplicatie,Chirurgie,Maag-darm-leverziekten,,,,,,,,,https://indiveo.nl/divis/fundoplicatie/
Fysiotherapie na totale heupoperatie,Fysiotherapie,,,,,,,,,,https://indiveo.nl/divis/fysiotherapie-na-totale-heupoperatie/
Fysiotherapie na totale knieoperatie,Fysiotherapie,,,,,,,,,,https://indiveo.nl/divis/fysiotherapie-na-totale-knieoperatie/
Galblaasoperatie,Chirurgie,Interne Geneeskunde,Maag-darm-leverziekten,,,,,,,,https://indiveo.nl/divis/galblaasoperatie/
Galdrain,Radiologie,,,,,,,,,,https://indiveo.nl/divis/galdrain/
Gastroscopie,Maag-darm-leverziekten,,,,,,,,,,https://indiveo.nl/divis/gastroscopie/
Gebroken pols (polsfractuur),Chirurgie,Orthopedie,,,,,,,,,https://indiveo.nl/divis/gebroken-pols-polsfractuur/
"Gedachten, emoties en herinneringen bij pijn",Psychiatrie,,,,,,,,,,https://indiveo.nl/divis/gedachten-emoties-en-herinneringen-bij-pijn/
Gehoorgang wijder maken (meatusplastiek),KNO,,,,,,,,,,https://indiveo.nl/divis/gehoorgang-wijder-maken-meatusplastiek/
Gewrichtspunctie,Chirurgie,Orthopedie,Reumatologie,,,,,,,,https://indiveo.nl/divis/gewrichtspunctie/
Gezond en fit,Algemeen,,,,,,,,,,https://indiveo.nl/divis/gezond-en-fit/
Gezond gewicht,Algemeen,,,,,,,,,,https://indiveo.nl/divis/gezond-gewicht/
Gezond leven bij kanker,Borstkanker,Chirurgie,Fysiotherapie,Geriatrie,Gynaecologie en Verloskunde,Huisarts,Longziekten,Maag-darm-leverziekten,Oncologie,Urologie,https://indiveo.nl/divis/gezond-leven-bij-kanker/
Gipsbehandeling bij een diabetische voet,Interne Geneeskunde,Spoedeisende Hulp en Gipskamer,,,,,,,,,https://indiveo.nl/divis/gipsbehandeling-bij-een-diabetische-voet/
Glaucoom,Oogheelkunde,,,,,,,,,,https://indiveo.nl/divis/glaucoom/
Goed volhouden van uw behandeling en adviezen,Algemeen,,,,,,,,,,https://indiveo.nl/divis/goed-volhouden-van-uw-behandeling-en-adviezen/
Goedaardige borstafwijkingen,Borstkanker,Oncologie,,,,,,,,,https://indiveo.nl/divis/goedaardige-borstafwijkingen/
Haarnestcyste (Sinus pilonidalis),Chirurgie,,,,,,,,,,https://indiveo.nl/divis/haarnestcyste-sinus-pilonidalis/
Hallux valgus operatie,Orthopedie,,,,,,,,,,https://indiveo.nl/divis/hallux-valgus-operatie/
Hartaandoeningen,Cardiologie,,,,,,,,,,https://indiveo.nl/divis/hartaandoeningen/
Hartfalen,Cardiologie,Geriatrie,Huisarts,,,,,,,,https://indiveo.nl/divis/hartfalen/
Hartfalen (Aanpassen manier van leven),Cardiologie,,,,,,,,,,https://indiveo.nl/divis/hartfalen-aanpassen-manier-van-leven/
Hartfalen (Begeleiding en controle),Cardiologie,,,,,,,,,,https://indiveo.nl/divis/hartfalen-begeleiding-en-controle/
Hartfalen (Medicijnen),Cardiologie,,,,,,,,,,https://indiveo.nl/divis/hartfalen-medicijnen/
Hartfalen (Oorzaken),Cardiologie,,,,,,,,,,https://indiveo.nl/divis/hartfalen-oorzaken/
Hartkatheterisatie (CAG),Cardiologie,,,,,,,,,,https://indiveo.nl/divis/hartkatheterisatie-cag/
Hartklepoperatie,Cardiologie,,,,,,,,,,https://indiveo.nl/divis/hartklepoperatie/
Hartrevalidatie,Cardiologie,,,,,,,,,,https://indiveo.nl/divis/hartrevalidatie/
Helium residu,Longziekten,,,,,,,,,,https://indiveo.nl/divis/helium-residu/
Herbeoordeling op de spoedeisende hulp,Spoedeisende Hulp en Gipskamer,,,,,,,,,,https://indiveo.nl/divis/herbeoordeling-op-de-spoedeisende-hulp/
Hersenecho bij een pasgeboren baby,Neonatologie,,,,,,,,,,https://indiveo.nl/divis/hersenecho-bij-een-pasgeboren-baby/
Hersentumoroperatie,Neurologie,,,,,,,,,,https://indiveo.nl/divis/hersentumoroperatie/
Herstel na een opname op de Intensive Care (IC),Intensive Care,,,,,,,,,,https://indiveo.nl/divis/herstel-na-een-opname-op-de-intensive-care-ic/
Het plaatsen van een hartritmemonitor,Cardiologie,,,,,,,,,,https://indiveo.nl/divis/het-plaatsen-van-een-hartritmemonitor/
Het voorkomen van een longaanval,Longziekten,,,,,,,,,,https://indiveo.nl/divis/het-voorkomen-van-een-longaanval/
Heup buigen (liggend),Fysiotherapie,,,,,,,,,,https://indiveo.nl/divis/heup-buigen-liggend/
Heupprothese,Orthopedie,,,,,,,,,,https://indiveo.nl/divis/heupprothese/
High-TeC Study,Wetenschappelijk onderzoek,,,,,,,,,,https://indiveo.nl/divis/high-tec-study/
Histamine drempel,Longziekten,,,,,,,,,,https://indiveo.nl/divis/histamine-drempel/
Histologisch biopt,Urologie,,,,,,,,,,https://indiveo.nl/divis/histologisch-biopt/
Hoest,Longziekten,,,,,,,,,,https://indiveo.nl/divis/hoest/
Hoge bloeddruk en thuismeten,Cardiologie,Geriatrie,Gynaecologie en Verloskunde,Interne Geneeskunde,Neurologie,,,,,,https://indiveo.nl/divis/hoge-bloeddruk-en-thuismeten/
Holteronderzoek,Cardiologie,,,,,,,,,,https://indiveo.nl/divis/holteronderzoek/
Hoofdhuidkoeling bij chemotherapie (coldcap),Borstkanker,Oncologie,,,,,,,,,https://indiveo.nl/divis/hoofdhuidkoeling-bij-chemotherapie-coldcap/
Hoog cholesterol,Interne Geneeskunde,,,,,,,,,,https://indiveo.nl/divis/hoog-cholesterol/
Hoortoestellen,KNO,,,,,,,,,,https://indiveo.nl/divis/hoortoestellen/
Hormonale (endocriene) therapie,Borstkanker,Oncologie,,,,,,,,,https://indiveo.nl/divis/hormonale-endocriene-therapie/
Huidbiopt,Dermatologie,,,,,,,,,,https://indiveo.nl/divis/huidbiopt/
Hulp en advies bij een zwangerschap (POP-team),Gynaecologie en Verloskunde,Psychiatrie,,,,,,,,,https://indiveo.nl/divis/hulp-en-advies-bij-een-zwangerschap-pop-team/
Hygiëneregels op de couveuse-afdeling,Neonatologie,,,,,,,,,,https://indiveo.nl/divis/hygieneregels-op-de-couveuse-afdeling/
Hyperventilatie test,Longziekten,,,,,,,,,,https://indiveo.nl/divis/hyperventilatie-test/
Hypnopoli,Kindergeneeskunde,,,,,,,,,,https://indiveo.nl/divis/hypnopoli/
Hysterosalpingografie (HSG),Gynaecologie en Verloskunde,Radiologie,,,,,,,,,https://indiveo.nl/divis/hysterosalpingografie-hsg/
Hysteroscopie,Gynaecologie en Verloskunde,,,,,,,,,,https://indiveo.nl/divis/hysteroscopie/
Immunotherapie,Borstkanker,Longziekten,Oncologie,,,,,,,,https://indiveo.nl/divis/immunotherapie/
Immunotherapie met Imfinzi (durvalumab),Partner Divi,-,,,,,,,,,
Implantaat in de kaak,"Mond-, kaak- en aangezichtschirurgie",,,,,,,,,,https://indiveo.nl/divis/implantaat-in-de-kaak/
In gesprek over netelroos,Dermatologie,Huisarts,Interne Geneeskunde,,,,,,,,https://indiveo.nl/divis/in-gesprek-over-netelroos/
Inbrengen van een dialysekatheter,Interne Geneeskunde,,,,,,,,,,https://indiveo.nl/divis/inbrengen-van-een-dialysekatheter/
Inflammatory Bowel Disease (IBD),Maag-darm-leverziekten,,,,,,,,,,https://indiveo.nl/divis/inflammatory-bowel-disease-ibd/
Informed consent biobank procedure,-,,,,,,,,,,
Inhalatie-instructie,-,,,,,,,,,,
Instelnacht CPAP,Longziekten,,,,,,,,,,https://indiveo.nl/divis/instelnacht-cpap/
Intake en werkgroep bij het ECL (Volwassenen),Dermatologie,,,,,,,,,,https://indiveo.nl/divis/proces-intake-en-werkgroep-volwassenen/
Intake en werkgroep bij het ECL (kinderen),Dermatologie,,,,,,,,,,https://indiveo.nl/divis/proces-intake-en-werkgroep-kind-3/
Interstitiële longziekten (ILD),Longziekten,,,,,,,,,,https://indiveo.nl/divis/interstitiele-longziekten-ild/
Intra-uteriene inseminatie in eigen cyclus (IUI),Gynaecologie en Verloskunde,,,,,,,,,,https://indiveo.nl/divis/iui-in-eigen-cyclus/
Intra-uteriene inseminatie met donorsperma (KID-IUI),Gynaecologie en Verloskunde,,,,,,,,,,https://indiveo.nl/divis/kunstmatige-inseminatie-met-donorsperma-kid-iui/
Intra-uteriene inseminatie met milde ovariële hyperstimulatie (MOH-IUI),Gynaecologie en Verloskunde,,,,,,,,,,https://indiveo.nl/divis/iui-met-milde-ovariele-hyperstimulatie/
Invasieve pijnbestrijding,Anesthesiologie en pijnbestrijding,,,,,,,,,,https://indiveo.nl/divis/invasieve-pijnbestrijding/
Inwendige echo (EUS),Maag-darm-leverziekten,Radiologie,,,,,,,,,https://indiveo.nl/divis/inwendige-echo-eus/
Inwendige echo vanuit de slokdarm (EUS-FNA),Longziekten,,,,,,,,,,https://indiveo.nl/divis/eus-fna/
Isolatie,-,,,,,,,,,,
Jicht,Reumatologie,,,,,,,,,,https://indiveo.nl/divis/jicht/
Kaakcorrectie van de boven- en onderkaak,Chirurgie,"Mond-, kaak- en aangezichtschirurgie",,,,,,,,,https://indiveo.nl/divis/kaakcorrectie-van-de-boven-en-onderkaak/
Kaakcorrectie van de onderkaak,Chirurgie,"Mond-, kaak- en aangezichtschirurgie",,,,,,,,,https://indiveo.nl/divis/kaakcorrectie-van-de-onderkaak/
Kaakklachten,"Mond-, kaak- en aangezichtschirurgie",,,,,,,,,,https://indiveo.nl/divis/kaakklachten/
Kanker,Borstkanker,Oncologie,,,,,,,,,https://indiveo.nl/divis/kanker/
"Kanker, seksualiteit en intimiteit",Borstkanker,Longkanker,Longziekten,Oncologie,,,,,,,https://indiveo.nl/divis/kanker-seksualiteit-en-intimiteit/
Keizersnede (Sectio),Gynaecologie en Verloskunde,,,,,,,,,,https://indiveo.nl/divis/keizersnede-sectio/
Keytruda Pembrolizumab patiëntenfolder,,"PDF, Partner Divi",,,,,,,,,
Keytruda Pembrolizumab patiëntenfolder Arabisch,,"PDF, Partner Divi",,,,,,,,,
Keytruda Pembrolizumab patiëntenfolder Turks,,"PDF, Partner Divi",,,,,,,,,
Keytruda dagboek combinatie pembrolizumab en chemotherapie,,"PDF, Partner Divi",,,,,,,,,
Keytruda pan-tumor patiëntendagboek,,"PDF, Partner Divi",,,,,,,,,
Kinderroute OK,Anesthesiologie en pijnbestrijding,,,,,,,,,,https://indiveo.nl/divis/kinderroute-ok/
Kinderwens en reuma,Reumatologie,,,,,,,,,,https://indiveo.nl/divis/kinderwens-en-reuma/
Klaplong (pneumothorax),Longziekten,,,,,,,,,,https://indiveo.nl/divis/klaplong-pneumothorax/
Knie buigen (staand),Fysiotherapie,,,,,,,,,,https://indiveo.nl/divis/knie-buigen-staand/
Knie buigen (zittend),Fysiotherapie,,,,,,,,,,https://indiveo.nl/divis/knie-buigen-zittend/
Knie heffen (staand),Fysiotherapie,,,,,,,,,,https://indiveo.nl/divis/knie-heffen-staand/
Knie heffen (zittend),Fysiotherapie,,,,,,,,,,https://indiveo.nl/divis/knie-heffen-zittend/
Knie strekken (zittend),Fysiotherapie,,,,,,,,,,https://indiveo.nl/divis/knie-strekken-zittend/
Knieprothese,Orthopedie,,,,,,,,,,https://indiveo.nl/divis/knieprothese/
Kom in beweging,Algemeen,,,,,,,,,,https://indiveo.nl/divis/kom-in-beweging/
Kousen aan- en uittrekken,Orthopedie,,,,,,,,,,https://indiveo.nl/divis/kousen-aan-en-uittrekken/
Leqvio (inclisiran),Partner Divi,-,,,,,,,,,
Leqvio (inclisiran) voor zorgverleners,Partner Divi,-,,,,,,,,,
Leven met COPD,Longziekten,,,,,,,,,,https://indiveo.nl/divis/leven-met-copd/
Leven met een colostoma,Maag-darm-leverziekten,,,,,,,,,,https://indiveo.nl/divis/leven-met-een-colostoma/
Leven met een darmstoma,Chirurgie,Maag-darm-leverziekten,,,,,,,,,https://indiveo.nl/divis/leven-met-een-darmstoma/
Leven met een ileostoma,Maag-darm-leverziekten,,,,,,,,,,https://indiveo.nl/divis/leven-met-een-ileostoma/
Leven met een urostoma,Chirurgie,Urologie,,,,,,,,,https://indiveo.nl/divis/leven-met-een-urostoma/
Leven na een orgaantransplantatie,Algemeen,,,,,,,,,,https://indiveo.nl/divis/leven-na-een-orgaantransplantatie/
Leverablatie,Chirurgie,Maag-darm-leverziekten,,,,,,,,,https://indiveo.nl/divis/leverablatie/
Leveroperatie,Chirurgie,,,,,,,,,,https://indiveo.nl/divis/leveroperatie/
Lichaamseigen pijnstillers en opiaten,Psychiatrie,,,,,,,,,,https://indiveo.nl/divis/lichaamseigen-pijnstillers-en-opiaten/
Lichamelijk onderzoek,Algemeen,,,,,,,,,,https://indiveo.nl/divis/lichamelijk-onderzoek/
Lichte en matige sedatie,Anesthesiologie en pijnbestrijding,,,,,,,,,,https://indiveo.nl/divis/lichte-en-matige-sedatie/
Lichttherapie,Dermatologie,,,,,,,,,,https://indiveo.nl/divis/lichttherapie/
Liesbreukoperatie,Chirurgie,,,,,,,,,,https://indiveo.nl/divis/liesbreukoperatie/
Liesbreukoperatie - TREPP,Chirurgie,,,,,,,,,,
Liesbreukoperatie – TREPP,Chirurgie,,,,,,,,,,https://indiveo.nl/divis/liesbreukoperatie-trepp/
Lipoedeem,Dermatologie,,,,,,,,,,https://indiveo.nl/divis/lipoedeem/
Lithium,Psychiatrie,,,,,,,,,,https://indiveo.nl/divis/lithium/
Longaanval,Longziekten,,,,,,,,,,https://indiveo.nl/divis/longaanval/
Longembolie,Longziekten,,,,,,,,,,https://indiveo.nl/divis/longembolie/
Longkanker,Longziekten,Oncologie,,,,,,,,,https://indiveo.nl/divis/longkanker/
Longkanker stadium III,Partner Divi,-,,,,,,,,,
Longontsteking,Intensive Care,Interne Geneeskunde,Longziekten,Neonatologie,Spoedeisende Hulp en Gipskamer,,,,,,https://indiveo.nl/divis/longontsteking/
Longoperatie,Chirurgie,Longziekten,,,,,,,,,https://indiveo.nl/divis/longoperatie/
Longperfusie,Radiologie,,,,,,,,,,https://indiveo.nl/divis/longperfusie/
Longpunctie,Longziekten,Radiologie,,,,,,,,,https://indiveo.nl/divis/longpunctie/
Longrevalidatie,Longziekten,,,,,,,,,,https://indiveo.nl/divis/longrevalidatie/
Looptest,Cardiologie,Fysiotherapie,Longziekten,,,,,,,,https://indiveo.nl/divis/looptest/
Lopen met een looprek,Fysiotherapie,,,,,,,,,,https://indiveo.nl/divis/lopen-met-een-looprek/
Lopen met een rollator,Fysiotherapie,,,,,,,,,,https://indiveo.nl/divis/lopen-met-een-rollator/
Lopen met hulpmiddelen na voorvoet operatie,Fysiotherapie,,,,,,,,,,https://indiveo.nl/divis/lopen-met-hulpmiddelen-na-voorvoet-operatie/
Lumbaalpunctie,Neurologie,,,,,,,,,,https://indiveo.nl/divis/lumbaalpunctie/
Lumbale hernia,Chirurgie,Neurologie,,,,,,,,,https://indiveo.nl/divis/lumbale-hernia/
Lumbale spondylodese bij instabiele wervels,Neurologie,,,,,,,,,,https://indiveo.nl/divis/lumbale-spondylodese/
Lumbale stenose,-,,,,,,,,,,
MIP-MEP,Longziekten,,,,,,,,,,https://indiveo.nl/divis/mip-mep/
MRA beugel,"Mond-, kaak- en aangezichtschirurgie",,,,,,,,,,https://indiveo.nl/divis/mra-beugel/
MRI Bewegingsapparaat,Radiologie,,,,,,,,,,https://indiveo.nl/divis/mri-bewegingsapparaat/
MRI Hart,Cardiologie,Radiologie,,,,,,,,,https://indiveo.nl/divis/mri-hart/
MRI Hersenen,Radiologie,,,,,,,,,,https://indiveo.nl/divis/mri-hersenen/
MRI Mammografie,Borstkanker,Radiologie,,,,,,,,,https://indiveo.nl/divis/mri-mammografie/
MRI-onderzoek,Radiologie,,,,,,,,,,https://indiveo.nl/divis/mri-onderzoek/
Maag-darmischemie,Maag-darm-leverziekten,,,,,,,,,,https://indiveo.nl/divis/maag-darmischemie/
Maatregelen bij MRSA,Infectieziektebestrijding,,,,,,,,,,https://indiveo.nl/divis/maatregelen-bij-mrsa/
Maculadegeneratie,Oogheelkunde,,,,,,,,,,https://indiveo.nl/divis/maculadegeneratie/
Mammapoli,-,,,,,,,,,,
Mammografie,Borstkanker,Radiologie,,,,,,,,,https://indiveo.nl/divis/mammografie/
Mantelzorger bij COPD: hoe zorg ik goed voor mezelf,Partner Divi,-,,,,,,,,,
Mantoux test,Longziekten,,,,,,,,,,https://indiveo.nl/divis/mantoux-test/
Manuele therapie bij hoofd- en nekpijn,Fysiotherapie,,,,,,,,,,https://indiveo.nl/divis/manuele-therapie-bij-hoofd-en-nekpijn/
Marcaïnisatie,Orthopedie,,,,,,,,,,https://indiveo.nl/divis/marcainisatie/
Medische hypnose,Psychiatrie,,,,,,,,,,https://indiveo.nl/divis/medische-hypnose/
Meedenkconsult,Algemeen,,,,,,,,,,https://indiveo.nl/divis/meedenkconsult/
Meedoen aan een medisch-wetenschappelijk onderzoek,Algemeen,,,,,,,,,,https://indiveo.nl/divis/meedoen-aan-een-medisch-wetenschappelijk-onderzoek/
Meekijkconsult,Algemeen,,,,,,,,,,https://indiveo.nl/divis/meekijkconsult/
Met ontslag naar een tijdelijke plek,Algemeen,,,,,,,,,,https://indiveo.nl/divis/met-ontslag-naar-een-tijdelijke-plek/
Met sondevoeding naar huis,Neonatologie,,,,,,,,,,https://indiveo.nl/divis/met-sondevoeding-naar-huis/
Methacholine drempel,Longziekten,,,,,,,,,,https://indiveo.nl/divis/methacholine-drempel/
Methotrexaat,Dermatologie,Maag-darm-leverziekten,Reumatologie,,,,,,,,https://indiveo.nl/divis/methotrexaat/
Metronoomtest,Longziekten,,,,,,,,,,https://indiveo.nl/divis/metronoomtest/
Middenrifbandje,Chirurgie,,,,,,,,,,https://indiveo.nl/divis/middenrifbandje/
Minder zout eten,Algemeen,,,,,,,,,,https://indiveo.nl/divis/minder-zout-eten/
Mohs,Dermatologie,,,,,,,,,,https://indiveo.nl/divis/mohs/
Myocardperfusie scintigrafie,Radiologie,,,,,,,,,,https://indiveo.nl/divis/myocardperfusie-scintigrafie/
NO-meting,Longziekten,,,,,,,,,,https://indiveo.nl/divis/no-meting/
Na een astma-aanval,Longziekten,,,,,,,,,,https://indiveo.nl/divis/na-een-astma-aanval/
Na een onderbeenamputatie,Chirurgie,,,,,,,,,,https://indiveo.nl/divis/na-een-onderbeenamputatie/
Naar huis met antibiotica,Algemeen,,,,,,,,,,https://indiveo.nl/divis/naar-huis-met-antibiotica/
Nazorg na een hartinfarct,Cardiologie,,,,,,,,,,https://indiveo.nl/divis/nazorg-na-een-hartinfarct/
Nazorg na kanker,Oncologie,,,,,,,,,,https://indiveo.nl/divis/nazorg-na-kanker/
Nazorg neusoperatie,KNO,,,,,,,,,,https://indiveo.nl/divis/nazorg-neusoperatie/
Nefrostomie,Radiologie,,,,,,,,,,https://indiveo.nl/divis/nefrostomie/
Nekstenose,Neurologie,,,,,,,,,,https://indiveo.nl/divis/nekstenose/
Nervus Vagus Stimulator,Neurologie,,,,,,,,,,https://indiveo.nl/divis/nervus-vagus-stimulator/
Netelroos,Dermatologie,,,,,,,,,,https://indiveo.nl/divis/netelroos/
Neuromodulatie,Anesthesiologie en pijnbestrijding,,,,,,,,,,https://indiveo.nl/divis/neuromodulatie/
Neuropsychologisch onderzoek,Geriatrie,Neurologie,Psychiatrie,,,,,,,,https://indiveo.nl/divis/neuropsychologisch-onderzoek/
Neusbloeding  behandeling,KNO,,,,,,,,,,https://indiveo.nl/divis/neusbloeding-behandeling/
Neusspoelen met verschillende hulpmiddelen,KNO,,,,,,,,,,https://indiveo.nl/divis/neusspoelen-met-verschillende-hulpmiddelen/
Neusspoelen met zoutoplossing,KNO,,,,,,,,,,https://indiveo.nl/divis/neusspoelen-met-zoutoplossing/
Nierbiopsie,-,,,,,,,,,,
Nierpunctie,Interne Geneeskunde,Radiologie,,,,,,,,,https://indiveo.nl/divis/nierpunctie/
Nuchter zijn,Algemeen,,,,,,,,,,https://indiveo.nl/divis/nuchter-zijn/
Nuss bar,Kindergeneeskunde,,,,,,,,,,https://indiveo.nl/divis/nuss-bar/
OSA,KNO,Longziekten,Neurologie,,,,,,,,https://indiveo.nl/divis/osa/
Oefeningen na een botbreuk in de arm,Fysiotherapie,Spoedeisende Hulp en Gipskamer,,,,,,,,,https://indiveo.nl/divis/oefeningen-na-een-botbreuk-in-de-arm/
Oefeningen na een botbreuk in het been,Fysiotherapie,Spoedeisende Hulp en Gipskamer,,,,,,,,,https://indiveo.nl/divis/oefeningen-na-een-botbreuk-in-het-been/
Oefeningen tijdens een behandeltraject bij kanker,Urologie,,,,,,,,,,https://indiveo.nl/divis/oefeningen-tijdens-een-behandeltraject-bij-kanker/
Oefeningen trap op en af,Fysiotherapie,,,,,,,,,,https://indiveo.nl/divis/oefeningen-trap-op-en-af/
Ogen druppelen,Oogheelkunde,,,,,,,,,,https://indiveo.nl/divis/ogen-druppelen/
Okselklieroperatie,Chirurgie,Oncologie,,,,,,,,,https://indiveo.nl/divis/okselklieroperatie/
Omgaan met benauwdheid bij COPD,Partner Divi,-,,,,,,,,,
Omgaan met kwetsbaarheid,Geriatrie,,,,,,,,,,https://indiveo.nl/divis/omgaan-met-kwetsbaarheid-2/
Omgaan met vermoeidheid na hersenletsel,Neurologie,,,,,,,,,,https://indiveo.nl/divis/omgaan-met-vermoeidheid-na-hersenletsel/
Omgekeerde schouderprothese,Orthopedie,,,,,,,,,,https://indiveo.nl/divis/omgekeerde-schouderprothese/
Omleidingsoperatie (CABG),Cardiologie,,,,,,,,,,https://indiveo.nl/divis/omleidingsoperatie-cabg/
Omnitrope®  in de SurePal® pen,Partner Divi,-,,,,,,,,,
Onbelast lopen met krukken,Fysiotherapie,,,,,,,,,,https://indiveo.nl/divis/onbelast-lopen-met-krukken/
Onderzoek naar voedselallergie,Kindergeneeskunde,,,,,,,,,,https://indiveo.nl/divis/onderzoek-naar-voedselallergie/
Ontslag na ziekenhuisopname,Algemeen,,,,,,,,,,https://indiveo.nl/divis/ontslag-na-ziekenhuisopname/
Ontsteking van een gewrichtsprothese,Orthopedie,,,,,,,,,,https://indiveo.nl/divis/ontsteking-van-een-gewrichtsprothese/
Ontwikkelingsgerichte zorg,Neonatologie,,,,,,,,,,https://indiveo.nl/divis/ontwikkelingsgerichte-zorg/
Op uw tenen staan,Fysiotherapie,,,,,,,,,,https://indiveo.nl/divis/op-uw-tenen-staan/
Operatie aan de  stembanden,-,,,,,,,,,,
Operatie aan de alvleesklier (PPPD en Whipple),Chirurgie,Oncologie,,,,,,,,,https://indiveo.nl/divis/operatie-aan-de-alvleesklier-pppd-en-whipple/
Operatie aan de alvleesklier (Pancreaticojejunostomie),Chirurgie,,,,,,,,,,https://indiveo.nl/divis/operatie-aan-de-alvleesklier-pancreaticojejunostomie/
Operatie aan de alvleesklierstaart,Chirurgie,Oncologie,,,,,,,,,https://indiveo.nl/divis/operatie-aan-de-alvleesklierstaart/
Operatie aan een kunstheup,Orthopedie,,,,,,,,,,https://indiveo.nl/divis/revisie-heupprothese/
Operatie aan een kunstknie,Orthopedie,,,,,,,,,,https://indiveo.nl/divis/revisie-knieprothese/
Operatie bij carpaal tunnel syndroom,Plastische Chirurgie,,,,,,,,,,https://indiveo.nl/divis/operatie-bij-carpaal-tunnel-syndroom/
Operatie bij een nekhernia,Neurologie,,,,,,,,,,https://indiveo.nl/divis/nekhernia/
Operatie bij een vernauwde halsslagader (Carotisdesobstructie eversietechniek),Chirurgie,,,,,,,,,,https://indiveo.nl/divis/operatie-bij-een-vernauwde-halsslagader-carotisdesobstructie-eversietechniek/
Operatie bij een vernauwde halsslagader (Carotisdesobstructie),Chirurgie,,,,,,,,,,https://indiveo.nl/divis/operatie-bij-een-vernauwde-halsslagader-carotisdesobstructie/
Operatie bij eierstokkanker,Gynaecologie en Verloskunde,,,,,,,,,,https://indiveo.nl/divis/operatie-bij-eierstokkanker/
Opioïden bij benauwdheid,Longziekten,,,,,,,,,,https://indiveo.nl/divis/opioiden-bij-benauwdheid/
Opname in verband met ventielbehandeling,Longziekten,,,,,,,,,,https://indiveo.nl/divis/opname-in-verband-met-ventielbehandeling-3/
Opnametraject lymfoedeem,Dermatologie,,,,,,,,,,https://indiveo.nl/divis/opnametraject-lymfoedeem/
Opstaan en zitten,Fysiotherapie,,,,,,,,,,https://indiveo.nl/divis/opstaan-en-zitten/
Oriënterend Fertiliteitsonderzoek (OFO),Gynaecologie en Verloskunde,,,,,,,,,,https://indiveo.nl/divis/orienterend-fertiliteitsonderzoek-ofo/
Orthostatische hypotensie,Geriatrie,Interne Geneeskunde,Neurologie,,,,,,,,https://indiveo.nl/divis/orthostatische-hypotensie/
Ovulatie-inductie,Gynaecologie en Verloskunde,,,,,,,,,,https://indiveo.nl/divis/ovulatie-inductie/
PBM,-,,,,,,,,,,
PERTUZUMAB (Perjeta®),,"PDF, Partner Divi",,,,,,,,,
PESA-behandeling,Gynaecologie en Verloskunde,,,,,,,,,,https://indiveo.nl/divis/pesa-behandeling/
PET-CT,Borstkanker,Radiologie,,,,,,,,,https://indiveo.nl/divis/pet-ct/
PICC-lijn,Oncologie,Radiologie,,,,,,,,,https://indiveo.nl/divis/picc-lijn/
PROMs,Algemeen,,,,,,,,,,https://indiveo.nl/divis/proms/
Patiëntparticipatie,Algemeen,,,,,,,,,,https://indiveo.nl/divis/patientparticipatie/
Perifeer Arterieel Vaatlijden (PAV),Cardiologie,Geriatrie,Interne Geneeskunde,,,,,,,,https://indiveo.nl/divis/perifeer-arterieel-vaatlijden-pav/
"Pijn bij axiale SpA, RA en PsA (je-versie)",Reumatologie,,,,,,,,,,https://indiveo.nl/divis/pijn-bij-axiale-spa-ra-en-psa/
"Pijn bij axiale SpA, RA en PsA (u-versie)",Reumatologie,,,,,,,,,,https://indiveo.nl/divis/pijn-bij-axiale-spa-ra-en-psa-u-versie/
Plaatsen van een Inwendige Defibrillator (ICD),Cardiologie,,,,,,,,,,https://indiveo.nl/divis/plaatsen-van-een-inwendige-defibrillator-icd/
Plaatsen van een definitieve prothese na een tissue expander,Borstkanker,Plastische Chirurgie,,,,,,,,,https://indiveo.nl/divis/het-plaatsen-van-een-definitieve-prothese-na-een-tissue-expander/
Plaatsen van een pacemaker,Cardiologie,,,,,,,,,,https://indiveo.nl/divis/plaatsen-van-een-pacemaker/
Plaatsen van een spiraal,Gynaecologie en Verloskunde,,,,,,,,,,https://indiveo.nl/divis/plaatsen-van-een-spiraal/
Plaatsen van een subcutane inwendige defibrillator (S-ICD),Cardiologie,,,,,,,,,,https://indiveo.nl/divis/plaatsen-van-een-subcutane-inwendige-defibrillator-s-icd/
Plaatsen van een tissue expander,Borstkanker,Plastische Chirurgie,,,,,,,,,https://indiveo.nl/divis/het-plaatsen-van-een-tissue-expander/
Plaatsing van een PEG- of PEG J-sonde,Maag-darm-leverziekten,,,,,,,,,,https://indiveo.nl/divis/plaatsing-van-een-peg-of-peg-j-sonde/
Pleurapunctie (diagnostisch),Longziekten,,,,,,,,,,https://indiveo.nl/divis/pleurapunctie-diagnostisch/
Pleurapunctie (ontlastend),Longziekten,,,,,,,,,,https://indiveo.nl/divis/pleurapunctie-ontlastend/
Pneumotrial,-,,,,,,,,,,
Poliepen in de dikke darm,Maag-darm-leverziekten,,,,,,,,,,https://indiveo.nl/divis/poliepen-in-de-dikke-darm/
Polygrafie,KNO,Longziekten,Neurologie,,,,,,,,https://indiveo.nl/divis/polygrafie/
Polygrafie Nox T3,KNO,Longziekten,Neurologie,,,,,,,,https://indiveo.nl/divis/polygrafie-nox-t3/
Polysomnografie,Longziekten,Neurologie,,,,,,,,,https://indiveo.nl/divis/polysomnografie/
Port-a-cath,Borstkanker,Interne Geneeskunde,Oncologie,Radiologie,,,,,,,https://indiveo.nl/divis/port-a-cath/
Positieve Gezondheid,Partner Divi,-,,,,,,,,,
Positieve Gezondheid (Vereenvoudigd),Partner Divi,-,,,,,,,,,
Praten over de laatste levensfase,Algemeen,,,,,,,,,,https://indiveo.nl/divis/praten-over-de-laatste-levensfase/
Prehabilitatie,Algemeen,,,,,,,,,,https://indiveo.nl/divis/prehabilitatie/
Preoperatieve screening (POS),Algemeen,,,,,,,,,,https://indiveo.nl/divis/preoperatieve-screening-pos/
Prikkelbare darm syndroom (PDS),Maag-darm-leverziekten,,,,,,,,,,https://indiveo.nl/divis/prikkelbare-darm-syndroom-pds/
Proactieve zorg voor iedereen,Algemeen,,,,,,,,,,https://indiveo.nl/divis/proactieve-zorg-voor-iedereen/
Proactieve zorgplanning,Algemeen,,,,,,,,,,https://indiveo.nl/divis/proactieve-zorgplanning/
Prostaatpunctie,Radiologie,Urologie,,,,,,,,,https://indiveo.nl/divis/prostaatpunctie/
Prostaatverwijdering,Chirurgie,Urologie,,,,,,,,,https://indiveo.nl/divis/prostaatverwijdering/
R-CHOP bij non-hodgkin,Oncologie,,,,,,,,,,https://indiveo.nl/divis/r-chop-bij-non-hodgkin/
ROS1 Fusie,Oncologie,Wetenschappelijk onderzoek,,,,,,,,,https://indiveo.nl/divis/ros1-fusie/
Radiotherapie,Borstkanker,Longziekten,Oncologie,,,,,,,,https://indiveo.nl/divis/radiotherapie/
Recapture studie,Wetenschappelijk onderzoek,,,,,,,,,,https://indiveo.nl/divis/recapture-studie/
Reconstructie van het neustussenschot,Chirurgie,KNO,,,,,,,,,https://indiveo.nl/divis/reconstructie-van-het-neustussenschot/
Reconstructie van het oor,Chirurgie,KNO,,,,,,,,,https://indiveo.nl/divis/reconstructie-van-het-oor/
Reductiebehandeling,Dermatologie,,,,,,,,,,https://indiveo.nl/divis/reductiebehandeling/
Refluxziekte bij baby’s,Kindergeneeskunde,,,,,,,,,,https://indiveo.nl/divis/refluxziekte-bij-babys/
Reumatoïde artritis,Reumatologie,,,,,,,,,,https://indiveo.nl/divis/reumatoide-artritis/
Robotoperatie bij kanker,Oncologie,,,,,,,,,,https://indiveo.nl/divis/robotoperatie-bij-kanker/
Ruggenprik bij een bevalling,Anesthesiologie en pijnbestrijding,Gynaecologie en Verloskunde,,,,,,,,,https://indiveo.nl/divis/ruggenprik-bij-een-bevalling/
STEEP,Dermatologie,,,,,,,,,,https://indiveo.nl/divis/steep/
SWAB Coronatest,Algemeen,,,,,,,,,,https://indiveo.nl/divis/swab-coronatest/
Samen beslissen,Algemeen,,,,,,,,,,https://indiveo.nl/divis/samen-beslissen/
Samen beslissen en informed consent,Algemeen,,,,,,,,,,https://indiveo.nl/divis/informed-consent/
Saturatiemeting,Longziekten,,,,,,,,,,https://indiveo.nl/divis/saturatiemeting/
Scaphoid fractuur,Chirurgie,Orthopedie,,,,,,,,,https://indiveo.nl/divis/scaphoid-fractuur/
Scheelzien,Kindergeneeskunde,Oogheelkunde,,,,,,,,,https://indiveo.nl/divis/scheelzien/
Schildklieroperatie,Chirurgie,Maag-darm-leverziekten,,,,,,,,,https://indiveo.nl/divis/schildklieroperatie/
Schildwachtklierprocedure,Borstkanker,Oncologie,,,,,,,,,https://indiveo.nl/divis/schildwachtklierprocedure/
Schouderprothese,Orthopedie,,,,,,,,,,https://indiveo.nl/divis/schouderprothese/
Scopie van de knie,Orthopedie,,,,,,,,,,https://indiveo.nl/divis/scopie-van-de-knie/
"Scopie van de knie, schouder en heup",Orthopedie,,,,,,,,,,https://indiveo.nl/divis/scopie-van-de-knie-schouder-en-heup/
Scopie van de schouder,Orthopedie,,,,,,,,,,https://indiveo.nl/divis/scopie-van-de-schouder/
Sedatie bronchoscopie,Anesthesiologie en pijnbestrijding,Longziekten,,,,,,,,,https://indiveo.nl/divis/sedatie-bronchoscopie/
SensoReady pen (Erelzi),Partner Divi,-,,,,,,,,,
SensoReady pen (Hyrimoz),Dermatologie,Interne Geneeskunde,Maag-darm-leverziekten,Reumatologie,Partner Divi,,,,,,https://indiveo.nl/divis/sensoready-pen-hyrimoz/
Septumcorrectie,KNO,,,,,,,,,,https://indiveo.nl/divis/septumcorrectie/
Shuntbepaling,Longziekten,,,,,,,,,,https://indiveo.nl/divis/shuntbepaling/
Sigmoïdoscopie,Maag-darm-leverziekten,,,,,,,,,,https://indiveo.nl/divis/sigmoidoscopie/
Sleutelbeenbreuk,Chirurgie,Orthopedie,,,,,,,,,https://indiveo.nl/divis/sleutelbeenfractuur/
Slokdarmoperatie (EROES),Chirurgie,Maag-darm-leverziekten,,,,,,,,,https://indiveo.nl/divis/slokdarmoperatie-eroes-5/
Sonde inbrengen,Kindergeneeskunde,,,,,,,,,,https://indiveo.nl/divis/sonde-inbrengen/
Sotyktu,Partner Divi,-,,,,,,,,,
Spataderen,Chirurgie,,,,,,,,,,https://indiveo.nl/divis/spataderen/
Spinale verdoving (ruggenprik),Anesthesiologie en pijnbestrijding,,,,,,,,,,https://indiveo.nl/divis/spinale-verdoving-ruggenprik/
Spirometrie,Longziekten,,,,,,,,,,https://indiveo.nl/divis/spirometrie/
Spirometrie voor kinderen,Kindergeneeskunde,Longziekten,,,,,,,,,https://indiveo.nl/divis/spirometrie-voor-kinderen/
Sportpoli,Partner Divi,-,,,,,,,,,
Sputuminductie,Longziekten,,,,,,,,,,https://indiveo.nl/divis/sputuminductie/
Staaroperatie,Oogheelkunde,,,,,,,,,,https://indiveo.nl/divis/staaroperatie/
Stabiliseren van de schouder,Orthopedie,,,,,,,,,,https://indiveo.nl/divis/stabiliseren-van-de-schouder/
Stamcelafname,Oncologie,,,,,,,,,,https://indiveo.nl/divis/stamcelafname/
Standscorrectie van het been,Orthopedie,,,,,,,,,,https://indiveo.nl/divis/standscorrectie-van-het-been/
Stereotactisch biopt (mammabiopsie),Borstkanker,Oncologie,,,,,,,,,https://indiveo.nl/divis/stereotactisch-biopt-mammabiopsie/
Stomamaterialen,Chirurgie,Maag-darm-leverziekten,Urologie,,,,,,,,https://indiveo.nl/divis/stomamaterialen/
StomazorgPlus service,Partner Divi,-,,,,,,,,,
Stoppen met pijnstillers,Algemeen,,,,,,,,,,https://indiveo.nl/divis/stoppen-met-pijnstillers/
Stoppen met roken,Algemeen,,,,,,,,,,https://indiveo.nl/divis/stoppen-met-roken/
Stoppen met roken en vapen,-,,,,,,,,,,
Subtenon blok (oogblok),Oogheelkunde,,,,,,,,,,https://indiveo.nl/divis/oogblok/
TAVI (Transfemoraal),Cardiologie,,,,,,,,,,https://indiveo.nl/divis/tavi-transfemoraal/
TAVI (direct transaortaal),Cardiologie,,,,,,,,,,https://indiveo.nl/divis/tavi-direct-transaortaal/
TCD-onderzoek,Neurologie,,,,,,,,,,https://indiveo.nl/divis/tcd-onderzoek/
TENS-behandeling,Anesthesiologie en pijnbestrijding,,,,,,,,,,https://indiveo.nl/divis/tens-behandeling/
TIA,Neurologie,,,,,,,,,,https://indiveo.nl/divis/tia/
TRASTUZUMAB (Herceptin®),,"PDF, Partner Divi",,,,,,,,,
TRASTUZUMAB-EMTANSINE (Kadcyla®),,"PDF, Partner Divi",,,,,,,,,
Tanden poetsen,Kindergeneeskunde,"Mond-, kaak- en aangezichtschirurgie",,,,,,,,,https://indiveo.nl/divis/tanden-poetsen/
Teenamputatie,Chirurgie,,,,,,,,,,https://indiveo.nl/divis/teenamputatie/
Tezspire (tezepelumab),Partner Divi,-,,,,,,,,,
Thoraxdrainage,Longziekten,,,,,,,,,,https://indiveo.nl/divis/thoraxdrainage/
Thuis vernevelen met een compressor,Longziekten,,,,,,,,,,https://indiveo.nl/divis/thuis-vernevelen-met-een-compressor/
Thuismeten met Luscii,Algemeen,,,,,,,,,,https://indiveo.nl/divis/thuismeten-luscii/
Tinnitus,KNO,,,,,,,,,,https://indiveo.nl/divis/tinnitus/
Triggerfinger,Plastische Chirurgie,,,,,,,,,,https://indiveo.nl/divis/triggerfinger/
Trommelvliessluiting,KNO,,,,,,,,,,https://indiveo.nl/divis/trommelvliessluiting/
Uitkomsten cementloze knieprothese,Orthopedie,Wetenschappelijk onderzoek,,,,,,,,,https://indiveo.nl/divis/uitkomsten-cementloze-knieprothese/
Urodynamisch onderzoek,Urologie,,,,,,,,,,https://indiveo.nl/divis/urodynamisch-onderzoek/
Uw kind begeleiden als u kanker heeft,Algemeen,Oncologie,,,,,,,,,https://indiveo.nl/divis/uw-kind-begeleiden-als-u-kanker-heeft/
VEP-onderzoek,Neurologie,,,,,,,,,,https://indiveo.nl/divis/vep-onderzoek/
VNG-onderzoek,Neurologie,,,,,,,,,,https://indiveo.nl/divis/vng-onderzoek/
Valpoli,Geriatrie,,,,,,,,,,https://indiveo.nl/divis/valpoli/
Van biological naar biosimilar,Borstkanker,Dermatologie,Longziekten,Maag-darm-leverziekten,Oncologie,Reumatologie,,,,,https://indiveo.nl/divis/van-biological-naar-biosimilar/
Veilig leren drinken,Neonatologie,,,,,,,,,,https://indiveo.nl/divis/veilig-leren-drinken/
"Ventielen, wat nu?",Longziekten,,,,,,,,,,https://indiveo.nl/divis/ventielen-wat-nu/
Verdoving met een plexus block,Anesthesiologie en pijnbestrijding,,,,,,,,,,https://indiveo.nl/divis/verdoving-met-een-plexus-block/
Versiepoging,Gynaecologie en Verloskunde,,,,,,,,,,https://indiveo.nl/divis/versiepoging/
Verstandskies verwijderen,Chirurgie,"Mond-, kaak- en aangezichtschirurgie",,,,,,,,,https://indiveo.nl/divis/verstandskies-verwijderen/
Vervangen van een ICD of Pacemaker,Cardiologie,,,,,,,,,,https://indiveo.nl/divis/vervangen-van-een-icd-of-pacemaker/
Verwijderen van amandelen (kinderen),KNO,Kindergeneeskunde,,,,,,,,,https://indiveo.nl/divis/verwijderen-van-amandelen-kinderen/
Verwijderen van de blaas met de aanleg van een neoblaas,Chirurgie,Urologie,,,,,,,,,https://indiveo.nl/divis/verwijderen-van-de-blaas-met-de-aanleg-van-een-neoblaas/
Verwijderen van de blaas met de aanleg van een urinestoma,Chirurgie,Urologie,,,,,,,,,https://indiveo.nl/divis/verwijderen-van-de-blaas-met-de-aanleg-van-een-urinestoma/
Verwijderen van de urinekatheter (ballonpoort doorknippen),Urologie,,,,,,,,,,https://indiveo.nl/divis/verwijderen-van-de-urinekatheter-ballonpoort-doorknippen/
Verwijderen van de urinekatheter (legen met spuitje),Urologie,,,,,,,,,,https://indiveo.nl/divis/verwijderen-van-de-urinekatheter/
Verwijderen van een huidafwijking (huidexcisie),Dermatologie,,,,,,,,,,https://indiveo.nl/divis/verwijderen-van-een-huidafwijking-huidexcisie/
Verzakkingsoperatie,Gynaecologie en Verloskunde,,,,,,,,,,https://indiveo.nl/divis/verzakkingsoperatie/
Verzorging van de nefrostomiekatheter,Urologie,,,,,,,,,,https://indiveo.nl/divis/verzorging-van-de-nefrostomiekatheter/
Verzorging van de tracheacanule,Intensive Care,KNO,,,,,,,,,https://indiveo.nl/divis/verzorging-van-de-tracheacanule/
Verzorging van het tracheostoma,KNO,,,,,,,,,,https://indiveo.nl/divis/verzorging-van-het-tracheostoma/
Vetvrije massa bepaling,Longziekten,,,,,,,,,,https://indiveo.nl/divis/vetvrije-massa-bepaling/
Video Capsule Endoscopie,Maag-darm-leverziekten,,,,,,,,,,https://indiveo.nl/divis/video-capsule-endoscopie/
Video-interactiebegeleiding op de afdeling neonatologie,Neonatologie,,,,,,,,,,https://indiveo.nl/divis/video-interactiebegeleiding-op-de-afdeling-neonatologie/
Voorbereiding op een longtransplantatie,Longziekten,,,,,,,,,,https://indiveo.nl/divis/voorbereiding-op-een-longtransplantatie/
Voorbereiding op uw opname in het ziekenhuis,Algemeen,,,,,,,,,,https://indiveo.nl/divis/voorbereiding-op-uw-opname-in-het-ziekenhuis/
Voorbereiding voor niertransplantatie,Interne Geneeskunde,,,,,,,,,,https://indiveo.nl/divis/voorbereiding-voor-niertransplantatie/
Voorste kruisbandreconstructie,Orthopedie,,,,,,,,,,https://indiveo.nl/divis/voorste-kruisbandreconstructie/
Voorste kruisbandreconstructie: 3 technieken,Orthopedie,,,,,,,,,,https://indiveo.nl/divis/voorste-kruisbandreconstructie-3-technieken/
WIFSA techniek,Plastische Chirurgie,,,,,,,,,,https://indiveo.nl/divis/wifsa-techniek/
Wait-and-see bij Chronische Lymfatische Leukemie,Oncologie,,,,,,,,,,https://indiveo.nl/divis/wait-and-see-bij-chronische-lymfatische-leukemie/
Wat doet beademing met het lichaam?,Intensive Care,,,,,,,,,,https://indiveo.nl/divis/wat-doet-beademing-met-het-lichaam/
Wat gebeurt er met de zaad- en eicellen in het laboratorium?,Gynaecologie en Verloskunde,,,,,,,,,,https://indiveo.nl/divis/wat-gebeurt-er-met-de-zaad-en-eicellen-in-het-laboratorium/
Wat is MS?,Neurologie,,,,,,,,,,https://indiveo.nl/divis/wat-is-ms/
Wat is een MS schub?,Neurologie,,,,,,,,,,https://indiveo.nl/divis/wat-is-een-schub/
Wat is een biobank?,Wetenschappelijk onderzoek,,,,,,,,,,https://indiveo.nl/divis/wat-is-een-biobank/
Wat is epilepsie?,Neurologie,,,,,,,,,,https://indiveo.nl/divis/wat-is-epilepsie/
Wat is palliatieve zorg?,Algemeen,,,,,,,,,,https://indiveo.nl/divis/wat-is-palliatieve-zorg/
Welzijn op Recept,Algemeen,,,,,,,,,,https://indiveo.nl/divis/welzijn-op-recept/
Werking van de nieren,Interne Geneeskunde,,,,,,,,,,https://indiveo.nl/divis/werking-van-de-nieren/
Wetenschappelijk onderzoek opioïden voor behandeling kortademigheid bij COPD,Longziekten,Wetenschappelijk onderzoek,,,,,,,,,https://indiveo.nl/divis/wetenschappelijk-onderzoek-opioiden-voor-behandeling-kortademigheid-bij-copd/
Wonden,Dermatologie,,,,,,,,,,https://indiveo.nl/divis/wonden/
Wortelblokkade,-,,,,,,,,,,
Wortelpuntbehandeling,"Mond-, kaak- en aangezichtschirurgie",,,,,,,,,,https://indiveo.nl/divis/wortelpuntbehandeling/
X Bewegingsapparaat,Radiologie,,,,,,,,,,https://indiveo.nl/divis/x-bewegingsapparaat/
X Thorax,Radiologie,,,,,,,,,,https://indiveo.nl/divis/x-thorax/
Zalven bij eczeem,Dermatologie,,,,,,,,,,https://indiveo.nl/divis/zalven-bij-eczeem/
Zelf katheteriseren (Man),Urologie,,,,,,,,,,https://indiveo.nl/divis/zelf-katheteriseren-man/
Zelf katheteriseren (Vrouw),Urologie,,,,,,,,,,https://indiveo.nl/divis/zelf-katheteriseren-vrouw/
Ziek zijn en seksualiteit,Oncologie,,,,,,,,,,https://indiveo.nl/divis/ziek-zijn-en-seksualiteit/
Ziekenhuisverplaatste zorg medicatie (ZVZ-medicatie),Dermatologie,Gynaecologie en Verloskunde,Interne Geneeskunde,Kindergeneeskunde,Longziekten,Maag-darm-leverziekten,Oncologie,Reumatologie,,,https://indiveo.nl/divis/ziekenhuisverplaatste-zorg-medicatie-zvz-medicatie/
Zorgpad bij de overgang,Gynaecologie en Verloskunde,,,,,,,,,,https://indiveo.nl/divis/zorgpad-bij-de-overgang/
Zorgpad chirurgie bij ouderen,Chirurgie,,,,,,,,,,https://indiveo.nl/divis/zorgpad-chirurgie-bij-ouderen/
Zorgverleners bij diabetes,Interne Geneeskunde,,,,,,,,,,https://indiveo.nl/divis/zorgverleners-bij-diabetes/
Zuurstofondersteuning in het ziekenhuis,Anesthesiologie en pijnbestrijding,Cardiologie,Chirurgie,Geriatrie,Intensive Care,Longziekten,Oncologie,Spoedeisende Hulp en Gipskamer,,,https://indiveo.nl/divis/zuurstofondersteuning-in-het-ziekenhuis/
Zuurstofondersteuning thuis,Longziekten,,,,,,,,,,https://indiveo.nl/divis/zuurstof-thuis/
Zwangerschapsdiabetes (Diabetes Gravidarum),Gynaecologie en Verloskunde,Interne Geneeskunde,,,,,,,,,https://indiveo.nl/divis/zwangerschapsdiabetes-diabetes-gravidarum/
eNose onderzoek,Longkanker,Longziekten,Oncologie,,,,,,,,https://indiveo.nl/divis/enose-onderzoek/
