Divi,,Type,,,,,,,,
24-uurs zuurgraadmeting slokdarm,Maag-darm-leverziekten,-,,,,,,,,
2e intakegesprek voor IVF- of ICSI behandeling,Gynaecologie en Verloskunde,-,,,,,,,,
3 goede vragen aan uw arts en samen beslissen,Algemeen,-,,,,,,,,
50% belast lopen met krukken,Fysiotherapie,-,,,,,,,,
Aambeien,Chirurgie,-,,,,,,,,
Aantippend belast lopen met krukken,Fysiotherapie,-,,,,,,,,
Abcesdrain,,-,,,,,,,,
Ablatiebehandeling bij boezemfibrilleren,Cardiologie,-,,,,,,,,
Ademhalingsoefeningen,Fysiotherapie,-,,,,,,,,
Ademhalingsondersteuning bij pasgeborenen,Neonatologie,-,,,,,,,,
Advance Care Planning,Longziekten,-,,,,,,,,
Afnemen biopt van de keel,KNO,-,,,,,,,,
Afnemen van een hersenbiopt,Neurologie,-,,,,,,,,
Airvo bij tracheacanule en tracheostoma,Intensive Care,Longziekten,,,,,,,,
Algehele anesthesie,Anesthesiologie en pijnbestrijding,-,,,,,,,,
Allergietest met plakproef,Dermatologie,-,,,,,,,,
Allergietest met prikproef,Dermatologie,-,,,,,,,,
Als mantelzorger voor jezelf zorgen,Algemeen,-,,,,,,,,
Anamnese,Algemeen,-,,,,,,,,
Angiografie,Cardiologie,-,,,,,,,,
Antibiotica-allergie: Ja of nee?,Interne Geneeskunde,-,,,,,,,,
Antistollingsmedicijnen,Algemeen,-,,,,,,,,
Appels plukken (liggend),Fysiotherapie,-,,,,,,,,
Appels plukken (zittend),Fysiotherapie,-,,,,,,,,
Arm- en schouderoefeningen,Fysiotherapie,-,,,,,,,,
Armen zijwaarts heffen (staand),Fysiotherapie,-,,,,,,,,
Armen zijwaarts heffen (zittend),Fysiotherapie,-,,,,,,,,
Arteriepunctie,Longziekten,-,,,,,,,,
Artrose,,-,,,,,,,,
Artrose in de hand of pols,,-,,,,,,,,
Astma,Longziekten,-,,,,,,,,
Astma Actieplan,,Partner Divi,,,,,,,,
Atopisch eczeem,Dermatologie,-,,,,,,,,
Audiometrie,KNO,-,,,,,,,,
Autologe stamceltransplantatie,Interne Geneeskunde,Oncologie,,,,,,,,
Autonoom Functie Onderzoek (AFO),Neurologie,-,,,,,,,,
Avelumab,,Partner Divi,,,,,,,,
AYA-zorg,Borstkanker,Oncologie,,,,,,,,
Baarmoederkanker,Gynaecologie en Verloskunde,Oncologie,,,,,,,,
Back At Work After Surgery (BAAS),Algemeen,-,,,,,,,,
Barrett-slokdarm (Barrett oesophagus),Maag-darm-leverziekten,-,,,,,,,,
Beademing in buikligging,Intensive Care,-,,,,,,,,
Beademing met een beademingsapparaat,Intensive Care,-,,,,,,,,
Been gestrekt naar buiten brengen,Fysiotherapie,-,,,,,,,,
Been naar achter strekken,Fysiotherapie,-,,,,,,,,
Beenmergpunctie,Interne Geneeskunde,Oncologie,,,,,,,,
Behandelbeperkingen,Algemeen,Longziekten,,,,,,,,
Behandelbeperkingen - Wel of geen beademing?,Intensive Care,-,,,,,,,,
Behandeling bij dementie,,-,,,,,,,,
Behandeling met biologicals,Dermatologie,Longziekten,Maag-darm-leverziekten,,,,,,,
Behandeling met Calquence,,Partner Divi,,,,,,,,
Behandeling met een niersteenvergruizer,,-,,,,,,,,
Behandeling met Intravitreale Injecties (IVI),Oogheelkunde,-,,,,,,,,
Behandeling met ribociclib,,Partner Divi,,,,,,,,
Behandeling van heupdysplasie bij kinderen,,-,,,,,,,,
Behandeling van nierschade,Interne Geneeskunde,-,,,,,,,,
Behandeling van spataderen met VNUS,Dermatologie,-,,,,,,,,
Behandelmogelijkheden bij diep veneuze trombose,Interne Geneeskunde,-,,,,,,,,
Behandelmogelijkheden bij endeldarmkanker,Chirurgie,Oncologie,,,,,,,,
Behandelmogelijkheden bij longkanker,,Partner Divi,,,,,,,,
Behandelprogramma van het CON,Chirurgie,-,,,,,,,,
Behandeltraject Jodiumtherapie,Interne Geneeskunde,-,,,,,,,,
Behandelwegen bij borstkanker,Borstkanker,Oncologie,,,,,,,,
Belang van bewegen bij axiale spondyloartritis,,-,,,,,,,,
Belang van schoon werken bij wondverzorging,Infectieziektebestrijding,-,,,,,,,,
Belast lopen met krukken,Fysiotherapie,-,,,,,,,,
Benen heffen,Fysiotherapie,-,,,,,,,,
BENU Hulpmiddelenzorg,,Partner Divi,,,,,,,,
Besnijdenis (Circumcisie),Chirurgie,-,,,,,,,,
Beter in beweging,Fysiotherapie,-,,,,,,,,
Bewegen tijdens de opname,Algemeen,-,,,,,,,,
Bezoek aan de spoedeisende hulp,,-,,,,,,,,
BIC Second opinion consult,Longziekten,-,,,,,,,,
Bijwerkingen radiotherapie bij prostaatkanker,Oncologie,-,,,,,,,,
Billen samenknijpen,Fysiotherapie,-,,,,,,,,
Biopt bij vermoeden huidkanker,Dermatologie,Oncologie,,,,,,,,
Bloedonderzoek,Algemeen,-,,,,,,,,
Bloedonderzoek voor kinderen,Kindergeneeskunde,-,,,,,,,,
Bloedtransfusie,Cardiologie,Interne Geneeskunde,Oncologie,,,,,,,
Bodybox,Longziekten,-,,,,,,,,
Borstamputatie,Borstkanker,-,,,,,,,,
Borstbestraling met ingehouden adem,Oncologie,-,,,,,,,,
Borstkanker,Borstkanker,Oncologie,,,,,,,,
Borstreconstructie met een prothese na huidsparende amputatie van de borst(en),Borstkanker,-,,,,,,,,
Borstreconstructie met lichaamseigen weefsel (DIEP-lap),Borstkanker,-,,,,,,,,
Borstsparende operatie,Borstkanker,Oncologie,,,,,,,,
Botbreuk,,-,,,,,,,,
Botontkalking,Interne Geneeskunde,-,,,,,,,,
Botscan (skeletscintigrafie),Orthopedie,-,,,,,,,,
Botuline toxine,Neurologie,-,,,,,,,,
Bronchiolitis,Kindergeneeskunde,-,,,,,,,,
Bronchoscopie,Longziekten,-,,,,,,,,
Bruggetje,Fysiotherapie,-,,,,,,,,
Buikslagaderoperatie bij aneurysma,Chirurgie,-,,,,,,,,
Buikvetbiopt,Interne Geneeskunde,-,,,,,,,,
Buikwandpijnsyndroom (ACNES),,-,,,,,,,,
Buisjes plaatsen,KNO,-,,,,,,,,
Cardioversie,,-,,,,,,,,
Centrum voor thuisbeademing (CTB),Longziekten,-,,,,,,,,
Cetuximab,,Partner Divi,,,,,,,,
Chemotherapie,Borstkanker,Longziekten,Oncologie,,,,,,,
Chronische Lymfatische Leukemie,Oncologie,-,,,,,,,,
Chronische neusbijholteontsteking met neuspoliepen,KNO,-,,,,,,,,
Chronische pijn,Anesthesiologie en pijnbestrijding,-,,,,,,,,
Cognitieve problemen bij niet-aangeboren hersenletsel,Neurologie,-,,,,,,,,
Coloscopie,Maag-darm-leverziekten,-,,,,,,,,
Colposcopie: onderzoek van de baarmoederhals,Gynaecologie en Verloskunde,-,,,,,,,,
Combinatie van chemotherapie en immunotherapie,Oncologie,-,,,,,,,,
COPD,Longziekten,-,,,,,,,,
CPAP,Longziekten,-,,,,,,,,
CT Buik,,-,,,,,,,,
CT Hart,,-,,,,,,,,
CT Scan,,-,,,,,,,,
CT Scan (z.c.),,-,,,,,,,,
CT Thorax,,-,,,,,,,,
CT Thorax (zonder contrastvloeistof),,-,,,,,,,,
CTD-ILD,Longziekten,-,,,,,,,,
Cystoscopie,,-,,,,,,,,
Cytologische punctie,,-,,,,,,,,
DCIS (Ductaal Carcinoma In Situ),Borstkanker,Oncologie,,,,,,,,
De geheugenpoli,Geriatrie,-,,,,,,,,
De Inreda AP® van Inreda® Diabetic,,Partner Divi,,,,,,,,
Dedication Study,,-,,,,,,,,
Delier,Geriatrie,-,,,,,,,,
Deroofing,Dermatologie,-,,,,,,,,
DEXA-scan,Orthopedie,-,,,,,,,,
Diabetes type 1,Interne Geneeskunde,-,,,,,,,,
Diabetes type 1 (voor kinderen),Interne Geneeskunde,Kindergeneeskunde,,,,,,,,
Diabetes type 2,Interne Geneeskunde,-,,,,,,,,
Diabetische retinopathie,Interne Geneeskunde,Oogheelkunde,,,,,,,,
Diabetische voet,Chirurgie,-,,,,,,,,
Dialyse,Interne Geneeskunde,-,,,,,,,,
Diepe sedatie,Anesthesiologie en pijnbestrijding,-,,,,,,,,
Diffusie,Longziekten,-,,,,,,,,
Dikkedarmoperatie (ERAS),Chirurgie,Maag-darm-leverziekten,,,,,,,,
Doelgerichte therapie,Borstkanker,Longziekten,Oncologie,,,,,,,
Door uw knieën zakken,Fysiotherapie,-,,,,,,,,
Doorverwijzing naar de afdeling medische psychologie,,-,,,,,,,,
Dotter- en stentbehandeling (PCI),Cardiologie,-,,,,,,,,
Drempel-oefening,Fysiotherapie,-,,,,,,,,
Dubbel J-katheter,,-,,,,,,,,
Dubbel-J-katheter na een nefrostomie,,-,,,,,,,,
Duplexonderzoek van de halsvaten,Neurologie,-,,,,,,,,
Dysfagie (slikstoornis),KNO,-,,,,,,,,
E.E.G. Langdurige registratie,Neurologie,-,,,,,,,,
E.E.G. Slaaponthouding,Neurologie,-,,,,,,,,
E.M.G.,Neurologie,-,,,,,,,,
EBUS,Longziekten,-,,,,,,,,
ECG,Anesthesiologie en pijnbestrijding,Cardiologie,Chirurgie,Intensive Care,Interne Geneeskunde,Longziekten,,,,
Echo,,-,,,,,,,,
Echocardiografie,Cardiologie,-,,,,,,,,
Echografie Mammae,Borstkanker,-,,,,,,,,
Echografie van de prostaat,,-,,,,,,,,
ECL een afspraak maken,Dermatologie,-,,,,,,,,
ECT,,-,,,,,,,,
EEG voor kinderen,Kindergeneeskunde,-,,,,,,,,
Een shunt bij hemodialyse,Interne Geneeskunde,-,,,,,,,,
Eerste afspraak bij het CON,Chirurgie,-,,,,,,,,
Eigen medicijnen meenemen naar het ziekenhuis,Algemeen,-,,,,,,,,
Eiwitrijke voeding,Algemeen,-,,,,,,,,
Elektro-encefalogram (E.E.G.),Neurologie,-,,,,,,,,
Elektrofysiologisch onderzoek (EFO) en ablatiebehandeling,Cardiologie,-,,,,,,,,
Ellebogen buigen (zittend),Fysiotherapie,-,,,,,,,,
EMDR,,-,,,,,,,,
EMDR voor kinderen,,-,,,,,,,,
Endo-Sponge behandeling,Maag-darm-leverziekten,-,,,,,,,,
Endometriose,Gynaecologie en Verloskunde,-,,,,,,,,
Enkeloefeningen (liggend),Fysiotherapie,-,,,,,,,,
eNose onderzoek,Longziekten,Oncologie,,,,,,,,
Epidurale verdoving (ruggenprik),Anesthesiologie en pijnbestrijding,-,,,,,,,,
ERCP,Maag-darm-leverziekten,-,,,,,,,,
Ernstig astma,,-,,,,,,,,
EVAR-operatie bij aneurysma,Chirurgie,-,,,,,,,,
FAG-onderzoek,Oogheelkunde,-,,,,,,,,
Fenomeen van Raynaud,,-,,,,,,,,
FESS,KNO,-,,,,,,,,
FESS (Algehele Verdoving),,-,,,,,,,,
Fibromyalgie,,-,,,,,,,,
Fibroscan,Maag-darm-leverziekten,-,,,,,,,,
Fietstest,Longziekten,-,,,,,,,,
Fietstest cardio,Cardiologie,-,,,,,,,,
Flexibele scopie,KNO,-,,,,,,,,
Follikelpunctie,Gynaecologie en Verloskunde,-,,,,,,,,
Fotodynamische therapie,Dermatologie,-,,,,,,,,
Fototherapie,Neonatologie,-,,,,,,,,
Fundoplicatie,Chirurgie,Maag-darm-leverziekten,,,,,,,,
Fysiotherapie na totale heupoperatie,Fysiotherapie,-,,,,,,,,
Fysiotherapie na totale knieoperatie,Fysiotherapie,-,,,,,,,,
Galblaasoperatie,Chirurgie,Interne Geneeskunde,Maag-darm-leverziekten,,,,,,,
Galdrain,,-,,,,,,,,
Gastroscopie,Maag-darm-leverziekten,-,,,,,,,,
Gebroken pols (polsfractuur),Chirurgie,Orthopedie,,,,,,,,
"Gedachten, emoties en herinneringen bij pijn",,-,,,,,,,,
Gehoorgang wijder maken (meatusplastiek),KNO,-,,,,,,,,
Gewrichtspunctie,Chirurgie,Orthopedie,,,,,,,,
Gezond en fit,Algemeen,-,,,,,,,,
Gezond gewicht,Algemeen,-,,,,,,,,
Gezond leven bij kanker,Borstkanker,Chirurgie,Fysiotherapie,Geriatrie,Gynaecologie en Verloskunde,Huisarts,Longziekten,Maag-darm-leverziekten,Oncologie,
Gipsbehandeling bij een diabetische voet,Interne Geneeskunde,-,,,,,,,,
Glaucoom,Oogheelkunde,-,,,,,,,,
Goed volhouden van uw behandeling en adviezen,Algemeen,-,,,,,,,,
Goedaardige borstafwijkingen,Borstkanker,Oncologie,,,,,,,,
Haarnestcyste (Sinus pilonidalis),Chirurgie,-,,,,,,,,
Hallux valgus operatie,Orthopedie,-,,,,,,,,
Hartaandoeningen,Cardiologie,-,,,,,,,,
Hartfalen,Cardiologie,Geriatrie,Huisarts,,,,,,,
Hartfalen (Aanpassen manier van leven),Cardiologie,-,,,,,,,,
Hartfalen (Begeleiding en controle),Cardiologie,-,,,,,,,,
Hartfalen (Medicijnen),Cardiologie,-,,,,,,,,
Hartfalen (Oorzaken),Cardiologie,-,,,,,,,,
Hartkatheterisatie (CAG),Cardiologie,-,,,,,,,,
Hartklepoperatie,Cardiologie,-,,,,,,,,
Hartrevalidatie,Cardiologie,-,,,,,,,,
Helium residu,Longziekten,-,,,,,,,,
Herbeoordeling op de spoedeisende hulp,,-,,,,,,,,
Hersenecho bij een pasgeboren baby,Neonatologie,-,,,,,,,,
Hersentumoroperatie,Neurologie,-,,,,,,,,
Herstel na een opname op de Intensive Care (IC),Intensive Care,-,,,,,,,,
Het plaatsen van een hartritmemonitor,,-,,,,,,,,
Het voorkomen van een longaanval,Longziekten,-,,,,,,,,
Heup buigen (liggend),Fysiotherapie,-,,,,,,,,
Heupprothese,Orthopedie,-,,,,,,,,
High-TeC Study,,-,,,,,,,,
Histamine drempel,Longziekten,-,,,,,,,,
Histologisch biopt,Borstkanker,Chirurgie,Geriatrie,Gynaecologie en Verloskunde,Interne Geneeskunde,Maag-darm-leverziekten,,Oncologie,,
Hoest,Longziekten,-,,,,,,,,
Hoge bloeddruk en thuismeten,Cardiologie,Geriatrie,Gynaecologie en Verloskunde,Interne Geneeskunde,Neurologie,,,,,
Holteronderzoek,Cardiologie,-,,,,,,,,
Hoofdhuidkoeling bij chemotherapie (coldcap),Borstkanker,Oncologie,,,,,,,,
Hoog cholesterol,Interne Geneeskunde,-,,,,,,,,
Hoortoestellen,KNO,-,,,,,,,,
Hormonale (endocriene) therapie,Borstkanker,Oncologie,,,,,,,,
Huidbiopt,Dermatologie,-,,,,,,,,
Hulp en advies bij een zwangerschap (POP-team),Gynaecologie en Verloskunde,-,,,,,,,,
Hygiëneregels op de couveuse-afdeling,Neonatologie,-,,,,,,,,
Hyperventilatie test,Longziekten,-,,,,,,,,
Hypnopoli,Kindergeneeskunde,-,,,,,,,,
Hysterosalpingografie (HSG),Gynaecologie en Verloskunde,-,,,,,,,,
Hysteroscopie,Gynaecologie en Verloskunde,-,,,,,,,,
Immunotherapie,Borstkanker,Longziekten,Oncologie,,,,,,,
Immunotherapie met Imfinzi (durvalumab),,Partner Divi,,,,,,,,
Implantaat in de kaak,"Mond-, kaak- en aangezichtschirurgie",-,,,,,,,,
In gesprek over netelroos,Dermatologie,Huisarts,Interne Geneeskunde,,,,,,,
Inbrengen van een dialysekatheter,Interne Geneeskunde,-,,,,,,,,
Inflammatory Bowel Disease (IBD),Maag-darm-leverziekten,-,,,,,,,,
Informed consent biobank procedure,,-,,,,,,,,
Inhalatie-instructie,,-,,,,,,,,
Instelnacht CPAP,Longziekten,-,,,,,,,,
Intake en werkgroep bij het ECL (kinderen),Dermatologie,-,,,,,,,,
Intake en werkgroep bij het ECL (Volwassenen),Dermatologie,-,,,,,,,,
Interstitiële longziekten (ILD),Longziekten,-,,,,,,,,
Intra-uteriene inseminatie in eigen cyclus (IUI),Gynaecologie en Verloskunde,-,,,,,,,,
Intra-uteriene inseminatie met donorsperma (KID-IUI),Gynaecologie en Verloskunde,-,,,,,,,,
Intra-uteriene inseminatie met milde ovariële hyperstimulatie (MOH-IUI),Gynaecologie en Verloskunde,-,,,,,,,,
Invasieve pijnbestrijding,Anesthesiologie en pijnbestrijding,-,,,,,,,,
Inwendige echo (EUS),Maag-darm-leverziekten,-,,,,,,,,
Inwendige echo vanuit de slokdarm (EUS-FNA),Longziekten,-,,,,,,,,
Isolatie,,-,,,,,,,,
Jicht,,-,,,,,,,,
Kaakcorrectie van de boven- en onderkaak,Chirurgie,"Mond-, kaak- en aangezichtschirurgie",,,,,,,,
Kaakcorrectie van de onderkaak,Chirurgie,"Mond-, kaak- en aangezichtschirurgie",,,,,,,,
Kaakklachten,"Mond-, kaak- en aangezichtschirurgie",-,,,,,,,,
Kanker,Borstkanker,Oncologie,,,,,,,,
"Kanker, seksualiteit en intimiteit",Borstkanker,Longziekten,Oncologie,,,,,,,
Keizersnede (Sectio),Gynaecologie en Verloskunde,-,,,,,,,,
Keytruda dagboek combinatie pembrolizumab en chemotherapie,,"PDF, Partner Divi",,,,,,,,
Keytruda pan-tumor patiëntendagboek,,"PDF, Partner Divi",,,,,,,,
Keytruda Pembrolizumab patiëntenfolder,,"PDF, Partner Divi",,,,,,,,
Keytruda Pembrolizumab patiëntenfolder Arabisch,,"PDF, Partner Divi",,,,,,,,
Keytruda Pembrolizumab patiëntenfolder Turks,,"PDF, Partner Divi",,,,,,,,
Kinderroute OK,Anesthesiologie en pijnbestrijding,-,,,,,,,,
Kinderwens en reuma,,-,,,,,,,,
Klaplong (pneumothorax),Longziekten,-,,,,,,,,
Knie buigen (staand),Fysiotherapie,-,,,,,,,,
Knie buigen (zittend),Fysiotherapie,-,,,,,,,,
Knie heffen (staand),Fysiotherapie,-,,,,,,,,
Knie heffen (zittend),Fysiotherapie,-,,,,,,,,
Knie strekken (zittend),Fysiotherapie,-,,,,,,,,
Knieprothese,Orthopedie,-,,,,,,,,
Kom in beweging,Algemeen,-,,,,,,,,
Kousen aan- en uittrekken,Orthopedie,-,,,,,,,,
Leqvio (inclisiran),,Partner Divi,,,,,,,,
Leqvio (inclisiran) voor zorgverleners,,Partner Divi,,,,,,,,
Leven met COPD,Longziekten,-,,,,,,,,
Leven met een colostoma,Maag-darm-leverziekten,-,,,,,,,,
Leven met een darmstoma,Chirurgie,Maag-darm-leverziekten,,,,,,,,
Leven met een ileostoma,Maag-darm-leverziekten,-,,,,,,,,
Leven met een urostoma,Chirurgie,-,,,,,,,,
Leven na een orgaantransplantatie,Algemeen,-,,,,,,,,
Leverablatie,Chirurgie,Maag-darm-leverziekten,,,,,,,,
Leveroperatie,Chirurgie,-,,,,,,,,
Lichaamseigen pijnstillers en opiaten,,-,,,,,,,,
Lichamelijk onderzoek,Algemeen,-,,,,,,,,
Lichte en matige sedatie,Anesthesiologie en pijnbestrijding,-,,,,,,,,
Lichttherapie,Dermatologie,-,,,,,,,,
Liesbreukoperatie,Chirurgie,-,,,,,,,,
Liesbreukoperatie - TREPP,Chirurgie,-,,,,,,,,
Lipoedeem,Dermatologie,-,,,,,,,,
Lithium,,-,,,,,,,,
Longaanval,Longziekten,-,,,,,,,,
Longembolie,Longziekten,-,,,,,,,,
Longkanker,Longziekten,Oncologie,,,,,,,,
Longkanker stadium III,,Partner Divi,,,,,,,,
Longontsteking,Intensive Care,Interne Geneeskunde,Longziekten,Neonatologie,,,,,,
Longoperatie,Chirurgie,Longziekten,,,,,,,,
Longperfusie,,-,,,,,,,,
Longpunctie,Longziekten,-,,,,,,,,
Longrevalidatie,Longziekten,-,,,,,,,,
Looptest,Cardiologie,Fysiotherapie,Longziekten,,,,,,,
Lopen met een looprek,Fysiotherapie,-,,,,,,,,
Lopen met een rollator,Fysiotherapie,-,,,,,,,,
Lopen met hulpmiddelen na voorvoet operatie,Fysiotherapie,-,,,,,,,,
Lumbaalpunctie,Neurologie,-,,,,,,,,
Lumbale hernia,Chirurgie,Neurologie,,,,,,,,
Lumbale spondylodese bij instabiele wervels,Neurologie,-,,,,,,,,
Lumbale stenose,,-,,,,,,,,
Maag-darmischemie,Maag-darm-leverziekten,-,,,,,,,,
Maatregelen bij MRSA,Infectieziektebestrijding,-,,,,,,,,
Maculadegeneratie,Oogheelkunde,-,,,,,,,,
Mammapoli,,-,,,,,,,,
Mammografie,Borstkanker,-,,,,,,,,
Mantelzorger bij COPD: hoe zorg ik goed voor mezelf,,Partner Divi,,,,,,,,
Mantoux test,Longziekten,-,,,,,,,,
Manuele therapie bij hoofd- en nekpijn,Fysiotherapie,-,,,,,,,,
Marcaïnisatie,Orthopedie,-,,,,,,,,
Medische hypnose,,-,,,,,,,,
Meedenkconsult,Algemeen,-,,,,,,,,
Meedoen aan een medisch-wetenschappelijk onderzoek,Algemeen,-,,,,,,,,
Meekijkconsult,Algemeen,-,,,,,,,,
Met ontslag naar een tijdelijke plek,Algemeen,-,,,,,,,,
Met sondevoeding naar huis,Neonatologie,-,,,,,,,,
Methacholine drempel,Longziekten,-,,,,,,,,
Methotrexaat,Dermatologie,Maag-darm-leverziekten,,,,,,,,
Metronoomtest,Longziekten,-,,,,,,,,
Middenrifbandje,Chirurgie,-,,,,,,,,
Minder zout eten,Algemeen,-,,,,,,,,
MIP-MEP,Longziekten,-,,,,,,,,
Mohs,Dermatologie,-,,,,,,,,
MRA beugel,"Mond-, kaak- en aangezichtschirurgie",-,,,,,,,,
MRI Bewegingsapparaat,,-,,,,,,,,
MRI Hart,Cardiologie,-,,,,,,,,
MRI Hersenen,,-,,,,,,,,
MRI Mammografie,Borstkanker,-,,,,,,,,
MRI-onderzoek,,-,,,,,,,,
Myocardperfusie scintigrafie,,-,,,,,,,,
Na een astma-aanval,Longziekten,-,,,,,,,,
Na een onderbeenamputatie,Chirurgie,-,,,,,,,,
Naar huis met antibiotica,Algemeen,-,,,,,,,,
Nazorg na een hartinfarct,Cardiologie,-,,,,,,,,
Nazorg na kanker,Oncologie,-,,,,,,,,
Nazorg neusoperatie,KNO,-,,,,,,,,
Nefrostomie,,-,,,,,,,,
Nekstenose,Neurologie,-,,,,,,,,
Nervus Vagus Stimulator,Neurologie,-,,,,,,,,
Netelroos,Dermatologie,-,,,,,,,,
Neuromodulatie,Anesthesiologie en pijnbestrijding,-,,,,,,,,
Neuropsychologisch onderzoek,Geriatrie,Neurologie,,,,,,,,
Neusbloeding  behandeling,KNO,-,,,,,,,,
Neusspoelen met verschillende hulpmiddelen,KNO,-,,,,,,,,
Neusspoelen met zoutoplossing,KNO,-,,,,,,,,
Nierbiopsie,,-,,,,,,,,
Nierpunctie,Interne Geneeskunde,-,,,,,,,,
NO-meting,Longziekten,-,,,,,,,,
Nuchter zijn,Algemeen,-,,,,,,,,
Nuss bar,Kindergeneeskunde,-,,,,,,,,
Oefeningen na een botbreuk in de arm,Fysiotherapie,-,,,,,,,,
Oefeningen na een botbreuk in het been,Fysiotherapie,-,,,,,,,,
Oefeningen tijdens een behandeltraject bij kanker,Borstkanker,Chirurgie,Fysiotherapie,Geriatrie,Gynaecologie en Verloskunde,Huisarts,Interne Geneeskunde,Longziekten,Maag-darm-leverziekten,Oncologie
Oefeningen trap op en af,Fysiotherapie,-,,,,,,,,
Ogen druppelen,Oogheelkunde,-,,,,,,,,
Okselklieroperatie,Chirurgie,Oncologie,,,,,,,,
Omgaan met benauwdheid bij COPD,,Partner Divi,,,,,,,,
Omgaan met kwetsbaarheid,Geriatrie,-,,,,,,,,
Omgaan met vermoeidheid na hersenletsel,Neurologie,-,,,,,,,,
Omgekeerde schouderprothese,Orthopedie,-,,,,,,,,
Omleidingsoperatie (CABG),Cardiologie,-,,,,,,,,
Omnitrope®  in de SurePal® pen,,Partner Divi,,,,,,,,
Onbelast lopen met krukken,Fysiotherapie,-,,,,,,,,
Onderzoek naar voedselallergie,Kindergeneeskunde,-,,,,,,,,
Ontslag na ziekenhuisopname,Algemeen,-,,,,,,,,
Ontsteking van een gewrichtsprothese,Orthopedie,-,,,,,,,,
Ontwikkelingsgerichte zorg,Neonatologie,-,,,,,,,,
Op uw tenen staan,Fysiotherapie,-,,,,,,,,
Operatie aan de  stembanden,,-,,,,,,,,
Operatie aan de alvleesklier (Pancreaticojejunostomie),Chirurgie,-,,,,,,,,
Operatie aan de alvleesklier (PPPD en Whipple),Chirurgie,Oncologie,,,,,,,,
Operatie aan de alvleesklierstaart,Chirurgie,Oncologie,,,,,,,,
Operatie aan een kunstheup,Orthopedie,-,,,,,,,,
Operatie aan een kunstknie,Orthopedie,-,,,,,,,,
Operatie bij carpaal tunnel syndroom,,-,,,,,,,,
Operatie bij een nekhernia,Neurologie,-,,,,,,,,
Operatie bij een vernauwde halsslagader (Carotisdesobstructie eversietechniek),Chirurgie,-,,,,,,,,
Operatie bij een vernauwde halsslagader (Carotisdesobstructie),Chirurgie,-,,,,,,,,
Operatie bij eierstokkanker,Gynaecologie en Verloskunde,-,,,,,,,,
Opioïden bij benauwdheid,Longziekten,-,,,,,,,,
Opname in verband met ventielbehandeling,Longziekten,-,,,,,,,,
Opnametraject lymfoedeem,Dermatologie,-,,,,,,,,
Opstaan en zitten,Fysiotherapie,-,,,,,,,,
Oriënterend Fertiliteitsonderzoek (OFO),Gynaecologie en Verloskunde,-,,,,,,,,
Orthostatische hypotensie,Geriatrie,Interne Geneeskunde,Neurologie,,,,,,,
OSA,KNO,Longziekten,Neurologie,,,,,,,
Ovulatie-inductie,Gynaecologie en Verloskunde,-,,,,,,,,
Patiëntparticipatie,Algemeen,-,,,,,,,,
PBM,,-,,,,,,,,
Perifeer Arterieel Vaatlijden (PAV),Cardiologie,Geriatrie,Interne Geneeskunde,,,,,,,
PERTUZUMAB (Perjeta®),,"PDF, Partner Divi",,,,,,,,
PESA-behandeling,Gynaecologie en Verloskunde,-,,,,,,,,
PET-CT,Borstkanker,-,,,,,,,,
PICC-lijn,Oncologie,-,,,,,,,,
"Pijn bij axiale SpA, RA en PsA (je-versie)",,-,,,,,,,,
"Pijn bij axiale SpA, RA en PsA (u-versie)",,-,,,,,,,,
Plaatsen van een definitieve prothese na een tissue expander,Borstkanker,-,,,,,,,,
Plaatsen van een Inwendige Defibrillator (ICD),Cardiologie,-,,,,,,,,
Plaatsen van een pacemaker,Cardiologie,-,,,,,,,,
Plaatsen van een spiraal,Gynaecologie en Verloskunde,-,,,,,,,,
Plaatsen van een subcutane inwendige defibrillator (S-ICD),Cardiologie,-,,,,,,,,
Plaatsen van een tissue expander,Borstkanker,-,,,,,,,,
Plaatsing van een PEG- of PEG J-sonde,Maag-darm-leverziekten,-,,,,,,,,
Pleurapunctie (diagnostisch),Longziekten,-,,,,,,,,
Pleurapunctie (ontlastend),Longziekten,-,,,,,,,,
Pneumotrial,,-,,,,,,,,
Poliepen in de dikke darm,Maag-darm-leverziekten,-,,,,,,,,
Polygrafie,KNO,Longziekten,Neurologie,,,,,,,
Polygrafie Nox T3,KNO,Longziekten,Neurologie,,,,,,,
Polysomnografie,Longziekten,-,Neurologie,,,,,,,
Port-a-cath,Borstkanker,Interne Geneeskunde,Oncologie,,,,,,,
Positieve Gezondheid,,Partner Divi,,,,,,,,
Positieve Gezondheid (Vereenvoudigd),,Partner Divi,,,,,,,,
Praten over de laatste levensfase,Algemeen,-,,,,,,,,
Prehabilitatie,Algemeen,-,,,,,,,,
Preoperatieve screening (POS),Algemeen,-,,,,,,,,
Prikkelbare darm syndroom (PDS),Maag-darm-leverziekten,-,,,,,,,,
Proactieve zorg voor iedereen,Algemeen,-,,,,,,,,
Proactieve zorgplanning,Algemeen,-,,,,,,,,
PROMs,Algemeen,-,,,,,,,,
Prostaatpunctie,,-,,,,,,,,
Prostaatverwijdering,Chirurgie,-,,,,,,,,
R-CHOP bij non-hodgkin,Oncologie,-,,,,,,,,
Radiotherapie,Borstkanker,Longziekten,Oncologie,,,,,,,
Recapture studie,,-,,,,,,,,
Reconstructie van het neustussenschot,Chirurgie,KNO,,,,,,,,
Reconstructie van het oor,Chirurgie,KNO,,,,,,,,
Reductiebehandeling,Dermatologie,-,,,,,,,,
Refluxziekte bij baby’s,Kindergeneeskunde,-,,,,,,,,
Reumatoïde artritis,,-,,,,,,,,
Robotoperatie bij kanker,Oncologie,-,,,,,,,,
ROS1 Fusie,Oncologie,-,,,,,,,,
Ruggenprik bij een bevalling,Anesthesiologie en pijnbestrijding,-,,,,,,,,
Samen beslissen,Gynaecologie en Verloskunde,-,,,,,,,,
Samen beslissen en informed consent,,-,,,,,,,,
Saturatiemeting,Longziekten,-,,,,,,,,
Scaphoid fractuur,Chirurgie,-,,,,,,,,
Scheelzien,Kindergeneeskunde,Oogheelkunde,,,,,,,,
Schildklieroperatie,Chirurgie,Maag-darm-leverziekten,,,,,,,,
Schildwachtklierprocedure,Borstkanker,Oncologie,,,,,,,,
Schouderprothese,,-,,,,,,,,
Scopie van de knie,,-,,,,,,,,
"Scopie van de knie, schouder en heup",,-,,,,,,,,
Scopie van de schouder,,-,,,,,,,,
Sedatie bronchoscopie,Longziekten,-,,,,,,,,
SensoReady pen (Erelzi),,Partner Divi,,,,,,,,
SensoReady pen (Hyrimoz),Dermatologie,Partner Divi,Interne Geneeskunde,Maag-darm-leverziekten,,,,,,
Septumcorrectie,KNO,-,,,,,,,,
Shuntbepaling,Longziekten,-,,,,,,,,
Sigmoïdoscopie,Maag-darm-leverziekten,-,,,,,,,,
Sleutelbeenbreuk,Chirurgie,-,,,,,,,,
Slokdarmoperatie (EROES),Chirurgie,Maag-darm-leverziekten,,,,,,,,
Sonde inbrengen,Kindergeneeskunde,-,,,,,,,,
Sotyktu,,Partner Divi,,,,,,,,
Spataderen,Chirurgie,-,,,,,,,,
Spinale verdoving (ruggenprik),,-,,,,,,,,
Spirometrie,Longziekten,-,,,,,,,,
Spirometrie voor kinderen,Kindergeneeskunde,Longziekten,,,,,,,,
Sportpoli,,Partner Divi,,,,,,,,
Sputuminductie,Longziekten,-,,,,,,,,
Staaroperatie,Oogheelkunde,-,,,,,,,,
Stabiliseren van de schouder,,-,,,,,,,,
Stamcelafname,Oncologie,-,,,,,,,,
Standscorrectie van het been,,-,,,,,,,,
STEEP,Dermatologie,-,,,,,,,,
Stereotactisch biopt (mammabiopsie),Borstkanker,Oncologie,,,,,,,,
Stomamaterialen,Chirurgie,Maag-darm-leverziekten,,,,,,,,
StomazorgPlus service,,Partner Divi,,,,,,,,
Stoppen met pijnstillers,,-,,,,,,,,
Stoppen met roken,Algemeen,-,,,,,,,,
Stoppen met roken en vapen,,-,,,,,,,,
Subtenon blok (oogblok),Oogheelkunde,-,,,,,,,,
SWAB Coronatest,Algemeen,-,,,,,,,,
Tanden poetsen,Kindergeneeskunde,"Mond-, kaak- en aangezichtschirurgie",,,,,,,,
TAVI (direct transaortaal),Cardiologie,-,,,,,,,,
TAVI (Transfemoraal),Cardiologie,-,,,,,,,,
TCD-onderzoek,Neurologie,-,,,,,,,,
Teenamputatie,Chirurgie,-,,,,,,,,
TENS-behandeling,,-,,,,,,,,
Tezspire (tezepelumab),,Partner Divi,,,,,,,,
Thoraxdrainage,Longziekten,-,,,,,,,,
Thuis vernevelen met een compressor,Longziekten,-,,,,,,,,
Thuismeten met Luscii,Algemeen,-,,,,,,,,
TIA,Neurologie,-,,,,,,,,
Tinnitus,KNO,-,,,,,,,,
TRASTUZUMAB (Herceptin®),,"PDF, Partner Divi",,,,,,,,
TRASTUZUMAB-EMTANSINE (Kadcyla®),,"PDF, Partner Divi",,,,,,,,
Triggerfinger,,-,,,,,,,,
Trommelvliessluiting,KNO,-,,,,,,,,
Uitkomsten cementloze knieprothese,,-,,,,,,,,
Urodynamisch onderzoek,,-,,,,,,,,
Uw kind begeleiden als u kanker heeft,Algemeen,Oncologie,,,,,,,,
Valpoli,Geriatrie,-,,,,,,,,
Van biological naar biosimilar,Borstkanker,Dermatologie,Longziekten,Maag-darm-leverziekten,Oncologie,,,,,
Veilig leren drinken,Neonatologie,-,,,,,,,,
"Ventielen, wat nu?",Longziekten,-,,,,,,,,
VEP-onderzoek,Neurologie,-,,,,,,,,
Verdoving met een plexus block,Anesthesiologie en pijnbestrijding,-,,,,,,,,
Versiepoging,Gynaecologie en Verloskunde,-,,,,,,,,
Verstandskies verwijderen,Chirurgie,"Mond-, kaak- en aangezichtschirurgie",,,,,,,,
Vervangen van een ICD of Pacemaker,Cardiologie,-,,,,,,,,
Verwijderen van amandelen (kinderen),Kindergeneeskunde,KNO,,,,,,,,
Verwijderen van de blaas met de aanleg van een neoblaas,Chirurgie,-,,,,,,,,
Verwijderen van de blaas met de aanleg van een urinestoma,Chirurgie,-,,,,,,,,
Verwijderen van de urinekatheter (ballonpoort doorknippen),,-,,,,,,,,
Verwijderen van de urinekatheter (legen met spuitje),,-,,,,,,,,
Verwijderen van een huidafwijking (huidexcisie),Dermatologie,-,,,,,,,,
Verzakkingsoperatie,Gynaecologie en Verloskunde,-,,,,,,,,
Verzorging van de nefrostomiekatheter,,-,,,,,,,,
Verzorging van de tracheacanule,Intensive Care,KNO,,,,,,,,
Verzorging van het tracheostoma,KNO,-,,,,,,,,
Vetvrije massa bepaling,Longziekten,-,,,,,,,,
Video Capsule Endoscopie,Maag-darm-leverziekten,-,,,,,,,,
Video-interactiebegeleiding op de afdeling neonatologie,Neonatologie,-,,,,,,,,
VNG-onderzoek,Neurologie,-,,,,,,,,
Voorbereiding op een longtransplantatie,Interne Geneeskunde,Longziekten,,,,,,,,
Voorbereiding op uw opname in het ziekenhuis,Algemeen,-,,,,,,,,
Voorbereiding voor niertransplantatie,,-,,,,,,,,
Voorste kruisbandreconstructie,,-,,,,,,,,
Voorste kruisbandreconstructie: 3 technieken,,-,,,,,,,,
Wait-and-see bij Chronische Lymfatische Leukemie,Oncologie,PDF,,,,,,,,
Wat doet beademing met het lichaam?,Intensive Care,-,,,,,,,,
Wat gebeurt er met de zaad- en eicellen in het laboratorium?,Gynaecologie en Verloskunde,-,,,,,,,,
Wat is een biobank?,,-,,,,,,,,
Wat is een MS schub?,Neurologie,-,,,,,,,,
Wat is epilepsie?,Neurologie,-,,,,,,,,
Wat is MS?,Neurologie,-,,,,,,,,
Wat is palliatieve zorg?,Algemeen,-,,,,,,,,
Welzijn op Recept,Algemeen,-,,,,,,,,
Werking van de nieren,Interne Geneeskunde,-,,,,,,,,
Wetenschappelijk onderzoek opioïden voor behandeling kortademigheid bij COPD,Longziekten,-,,,,,,,,
WIFSA techniek,,-,,,,,,,,
Wonden,Dermatologie,-,,,,,,,,
Wortelblokkade,,-,,,,,,,,
Wortelpuntbehandeling,"Mond-, kaak- en aangezichtschirurgie",-,,,,,,,,
X Bewegingsapparaat,,-,,,,,,,,
X Thorax,,-,,,,,,,,
Zalven bij eczeem,Dermatologie,-,,,,,,,,
Zelf katheteriseren (Man),,-,,,,,,,,
Zelf katheteriseren (Vrouw),,-,,,,,,,,
Ziek zijn en seksualiteit,Oncologie,-,,,,,,,,
Ziekenhuisverplaatste zorg medicatie (ZVZ-medicatie),Dermatologie,Gynaecologie en Verloskunde,Interne Geneeskunde,Kindergeneeskunde,Longziekten,Maag-darm-leverziekten,Oncologie,,,
Zorgpad bij de overgang,Gynaecologie en Verloskunde,-,,,,,,,,
Zorgpad chirurgie bij ouderen,Chirurgie,-,,,,,,,,
Zorgverleners bij diabetes,Interne Geneeskunde,-,,,,,,,,
Zuurstofondersteuning in het ziekenhuis,Anesthesiologie en pijnbestrijding,Cardiologie,Chirurgie,Geriatrie,Intensive Care,Longziekten,Oncologie,,,
Zuurstofondersteuning thuis,Longziekten,-,,,,,,,,
Zwangerschapsdiabetes (Diabetes Gravidarum),Gynaecologie en Verloskunde,Interne Geneeskunde,,,,,,,,
